{
    "mAP50-95": 0.7146696511029379,
    "mAP50": 0.8521559228028932,
    "mAP75": 0.7677263451463096,
    "mAP50-95 per class": [
        0.7359131824952132,
        0.6928050037733398,
        0.7079194317278505,
        0.8462924275666495,
        0.6335757885227559,
        0.5784761843460642,
        0.829024080346923,
        0.7244555318878271,
        0.693348343996564,
        0.7048865363661938
    ],
    "inference speed (ms)": 53.7273733095191,
    "FPS": 18.61248630635784,
    "model_size_kb": 2736.8291015625,
    "model_class": "imgsz320_full"
}