{
    "inference speed (ms)": 245.94005823135376,
    "FPS": 4.066031402901062,
    "model_class": "imgsz480",
    "seed": 3
}