{"x": [100.0, 100.0], "y1": [0.6613609361057441, 0.6613609361057441], "y2": [4075450400.0, 4075450400.0], "y3": [0.6613609361057441, 0.6613609361057441]}