{"x": [100.0, 69.92055225740324], "y1": [0.6613609361057441, 0.638433318675859], "y2": [4075450400.0, 2955847200.0], "y3": [0.6613609361057441, 0.0]}