{"x": [100.0, 89.86566640046894], "y1": [0.6613609361057441, 0.6498292116217677], "y2": [4075450400.0, 3714813600.0], "y3": [0.6613609361057441, 0.008089028512475518]}