{"x": [100.0, 78.91999397238048], "y1": [0.6613609361057441, 0.6500176203723989], "y2": [4075450400.0, 3272367200.0], "y3": [0.6613609361057441, 0.005441458165776249]}