{"x": [100.0, 29.797384358327378], "y1": [0.6613609361057441, 0.4350942357648424], "y2": [4075450400.0, 1537508000.0], "y3": [0.6613609361057441, 4.3918513316848725e-05]}