{"x": [100.0, 39.7811934288326], "y1": [0.6613609361057441, 0.5134853883249288], "y2": [4075450400.0, 1884451200.0], "y3": [0.6613609361057441, 0.0]}