{
    "inference speed (ms)": 62.128028869628906,
    "FPS": 16.095794735391113,
    "model_class": "imgsz480",
    "seed": 4
}