{
    "inference speed (ms)": 60.092453956604004,
    "FPS": 16.641024524013513,
    "model_class": "imgsz480",
    "seed": 5
}