{
    "inference speed (ms)": 34.01823282241821,
    "FPS": 29.396000821682726,
    "model_class": "imgsz160",
    "seed": 3
}