{
    "inference speed (ms)": 34.283742904663086,
    "FPS": 29.168343806007993,
    "model_class": "imgsz160",
    "seed": 4
}