{
    "inference speed (ms)": 269.1264772415161,
    "FPS": 3.715725075621573,
    "model_class": "imgsz480",
    "seed": 2
}