{
    "inference speed (ms)": 266.09254360198975,
    "FPS": 3.758091025262845,
    "model_class": "imgsz480",
    "seed": 3
}