{
    "inference speed (ms)": 269.99211072921753,
    "FPS": 3.7038119273156367,
    "model_class": "imgsz480",
    "seed": 4
}