{
    "inference speed (ms)": 276.5350317955017,
    "FPS": 3.616178368097328,
    "model_class": "imgsz480",
    "seed": 5
}