{
    "inference speed (ms)": 383.85236501693726,
    "FPS": 2.6051682655540644,
    "model_class": "imgsz640",
    "seed": 3
}