{
    "inference speed (ms)": 386.75726890563965,
    "FPS": 2.585601048506675,
    "model_class": "imgsz640",
    "seed": 5
}