{
    "inference speed (ms)": 27.25097894668579,
    "FPS": 36.69592941803722,
    "model_class": "imgsz320",
    "seed": 2
}