{
    "inference speed (ms)": 27.063732147216797,
    "FPS": 36.949818840962735,
    "model_class": "imgsz320",
    "seed": 4
}