{
    "inference speed (ms)": 161.5981912612915,
    "FPS": 6.188188074352139,
    "model_class": "imgsz480",
    "seed": 1
}