{
    "inference speed (ms)": 161.89902544021606,
    "FPS": 6.176689435164431,
    "model_class": "imgsz480",
    "seed": 3
}