{
    "inference speed (ms)": 125.43423414230348,
    "FPS": 7.972305223034353,
    "model_class": "imgsz640_q8",
    "seed": 1
}