{
    "inference speed (ms)": 124.73405122756958,
    "FPS": 8.017057011766271,
    "model_class": "imgsz640_q8",
    "seed": 3
}