{
    "inference speed (ms)": 122.52830743789673,
    "FPS": 8.16137936539153,
    "model_class": "imgsz640_q8",
    "seed": 4
}