{
    "inference speed (ms)": 122.34436988830566,
    "FPS": 8.173649518265126,
    "model_class": "imgsz640_q8",
    "seed": 5
}