{
    "mAP50-95": 0.5118851133810174,
    "mAP50": 0.651732044026638,
    "mAP75": 0.5529915040325897,
    "mAP50-95 per class": [
        0.5500855201666033,
        0.49810412066661,
        0.46239014099097864,
        0.6665679948880537,
        0.34589168293695227,
        0.39035312563382074,
        0.6710452962220639,
        0.4989895378692116,
        0.506641988562006,
        0.5287817258738736
    ],
    "inference speed (ms)": 56.620116233825684,
    "FPS": 24.701582334452173,
    "model_size_kb": 11816.9345703125,
    "model_class": "imgsz160"
}