{
    "mAP50-95": 0.4638293689898799,
    "mAP50": 0.6090119159650765,
    "mAP75": 0.4974564911863556,
    "mAP50-95 per class": [
        0.4626869381668014,
        0.44299754877289566,
        0.44266332776388717,
        0.6005127362487686,
        0.3127394865841716,
        0.370209244596791,
        0.6224897799359607,
        0.4304486650731814,
        0.4714875497271377,
        0.48205841302920316
    ],
    "inference speed (ms)": 17.238100883604467,
    "FPS": 58.01103072503316,
    "model_size_kb": 9342.162109375,
    "model_class": "imgsz160"
}