{
    "mAP50-95": 0.4326609320594491,
    "mAP50": 0.5718529008220269,
    "mAP75": 0.46636960289118523,
    "mAP50-95 per class": [
        0.4293054878163655,
        0.4225565245530788,
        0.3799294575869844,
        0.5651144039954481,
        0.28434032855952374,
        0.3572097672565224,
        0.5855571814795983,
        0.39771675046024263,
        0.4325774043672223,
        0.4723020145195048
    ],
    "inference speed (ms)": 16.1947094160935,
    "FPS": 61.7485608606382,
    "model_size_kb": 8284.1318359375,
    "model_class": "imgsz160"
}