{
    "mAP50-95": 0.16209658178318292,
    "mAP50": 0.26295760096990917,
    "mAP75": 0.16633258265179723,
    "mAP50-95 per class": [
        0.12629197987586255,
        0.22364313465478264,
        0.08084424721094292,
        0.22794880074015414,
        0.060545333882328266,
        0.14404665694837412,
        0.22067109311185074,
        0.10189259789958394,
        0.2121050407308951,
        0.22297693277705508
    ],
    "inference speed (ms)": 15.959076881408691,
    "FPS": 62.665142643084906,
    "model_size_kb": 3568.3203125,
    "model_class": "imgsz160"
}