{
    "mAP50-95": 0.08979852033756602,
    "mAP50": 0.15141981750197492,
    "mAP75": 0.0886036290756959,
    "mAP50-95 per class": [
        0.04484921773322521,
        0.13054439603541007,
        0.02846528686534005,
        0.17150715019957305,
        0.04073595214857252,
        0.08974699944717181,
        0.08718793278753631,
        0.04748825337256825,
        0.12517198816055686,
        0.13228802662570616
    ],
    "inference speed (ms)": 3.4440346490377665,
    "FPS": 290.35712526277615,
    "model_size_kb": 2378.638671875,
    "model_class": "imgsz160"
}