{
    "mAP50-95": 0.8257211861299238,
    "mAP50": 0.9214760737465305,
    "mAP75": 0.868177129733955,
    "mAP50-95 per class": [
        0.8316543350985588,
        0.7907966704167808,
        0.842189004874608,
        0.895839122842944,
        0.7713163605773623,
        0.7736873975173355,
        0.8838996130562121,
        0.844770942113011,
        0.843528623596254,
        0.7795297912061704
    ],
    "inference speed (ms)": 94.8879240915693,
    "FPS": 10.53874884052658,
    "model_size_kb": 11971.234375,
    "model_class": "imgsz640"
}