{
    "mAP50-95": 0.8427606683205231,
    "mAP50": 0.9271025709856033,
    "mAP75": 0.8791496170277331,
    "mAP50-95 per class": [
        0.8504236244823611,
        0.8057992872476282,
        0.8604857602957182,
        0.9096922286003639,
        0.7933940314159861,
        0.7815190801531626,
        0.8809046950004158,
        0.8700662349882281,
        0.8689541094890012,
        0.8063676315323663
    ],
    "inference speed (ms)": 95.0316495593937,
    "FPS": 10.522810081024758,
    "model_size_kb": 10783.474609375,
    "model_class": "imgsz640"
}