{
    "mAP50-95": 0.8078407478632585,
    "mAP50": 0.9117939732005343,
    "mAP75": 0.8594098832862855,
    "mAP50-95 per class": [
        0.8278792358151253,
        0.7671081769039844,
        0.8154394982202522,
        0.8812766629750086,
        0.7600262242360638,
        0.7426895702516155,
        0.8634406104730863,
        0.8333302556603093,
        0.831831164090578,
        0.755386080006563
    ],
    "inference speed (ms)": 90.27655456943073,
    "FPS": 11.077073164449478,
    "model_size_kb": 9496.595703125,
    "model_class": "imgsz640"
}