{
    "mAP50-95": 0.5791344028352067,
    "mAP50": 0.7298091383513837,
    "mAP75": 0.629446756822611,
    "mAP50-95 per class": [
        0.6334064767189642,
        0.5210287628627439,
        0.5796225006181387,
        0.6378522867942878,
        0.457412705649455,
        0.5319971161748686,
        0.6946649477462032,
        0.5816874907336935,
        0.6172296087820133,
        0.5364421322716977
    ],
    "inference speed (ms)": 59.032726733163855,
    "FPS": 16.93975622234323,
    "model_size_kb": 4895.75,
    "model_class": "imgsz640"
}