{
    "mAP50-95": 0.8467526414349779,
    "mAP50": 0.924818032957021,
    "mAP75": 0.8787982923385353,
    "mAP50-95 per class": [
        0.8553295852325528,
        0.8184297928101906,
        0.8355757270019277,
        0.9345389330827929,
        0.8091777718478845,
        0.7834818408471292,
        0.8862791316025757,
        0.8550933342612129,
        0.873183665749588,
        0.8164366319139228
    ],
    "inference speed (ms)": 244.9942126274109,
    "FPS": 4.083759091624729,
    "model_size_kb": 10711.0859375,
    "model_class": "imgsz480"
}