{
    "mAP50-95": 0.8044791243829996,
    "mAP50": 0.8972129748482949,
    "mAP75": 0.8419966835537165,
    "mAP50-95 per class": [
        0.8302435098295513,
        0.744549560179024,
        0.7922466201933022,
        0.8993465888920149,
        0.7549265878031921,
        0.732595633709612,
        0.86656128291747,
        0.8259274965198046,
        0.8386857319063417,
        0.7597082318796811
    ],
    "inference speed (ms)": 95.14689222834575,
    "FPS": 10.510064770166863,
    "model_size_kb": 8366.1767578125,
    "model_class": "imgsz480"
}