{
    "mAP50-95": 0.6037724045433077,
    "mAP50": 0.7410794003023218,
    "mAP75": 0.6478559507473574,
    "mAP50-95 per class": [
        0.6497879077072028,
        0.5313267170222891,
        0.6123752201020057,
        0.6830401393461438,
        0.45196082355948475,
        0.5694782903488721,
        0.7563189786013131,
        0.5908055549881313,
        0.6284106008641853,
        0.5642198128934492
    ],
    "inference speed (ms)": 35.77079820906979,
    "FPS": 27.955764200600008,
    "model_size_kb": 4823.509765625,
    "model_class": "imgsz480"
}