{
    "mAP50-95": 0.4925702141938344,
    "mAP50": 0.6360439577389945,
    "mAP75": 0.5329553368286355,
    "mAP50-95 per class": [
        0.5346531551321488,
        0.4405789073105456,
        0.48872569701961144,
        0.5988236051538338,
        0.30627083773636266,
        0.4391898255848229,
        0.6323314969220868,
        0.49307645164101715,
        0.49131031350617177,
        0.5007418519317426
    ],
    "inference speed (ms)": 121.6840591430664,
    "FPS": 8.219133176921552,
    "model_size_kb": 3650.365234375,
    "model_class": "imgsz480"
}