{
    "mAP50-95": 0.03987107409939452,
    "mAP50": 0.08036327702524707,
    "mAP75": 0.03421305375590512,
    "mAP50-95 per class": [
        0.023148281295907288,
        0.05869351086210721,
        0.012876889147145697,
        0.08262065230626757,
        0.02122991604105018,
        0.02741323669004279,
        0.04027387721657075,
        0.030535828941753218,
        0.03198446785676638,
        0.06993408063633413
    ],
    "inference speed (ms)": 14.919238871541518,
    "FPS": 67.02754802776852,
    "model_size_kb": 1316.7646484375,
    "model_class": "imgsz480"
}