{
    "inference speed (ms)": 99.33757305145264,
    "FPS": 10.066684430492806,
    "model_class": "imgsz320",
    "seed": 2
}