{
    "inference speed (ms)": 98.602774143219,
    "FPS": 10.141702489501112,
    "model_class": "imgsz320",
    "seed": 3
}