{
    "inference speed (ms)": 99.93176698684692,
    "FPS": 10.006827960238315,
    "model_class": "imgsz320",
    "seed": 5
}