{
    "inference speed (ms)": 123.95018339157104,
    "FPS": 8.067757325060986,
    "model_class": "imgsz320",
    "seed": 3
}