{
    "inference speed (ms)": 118.86570453643799,
    "FPS": 8.41285553221495,
    "model_class": "imgsz320",
    "seed": 5
}