{
    "inference speed (ms)": 212.81786441802979,
    "FPS": 4.698853654671298,
    "model_class": "imgsz640",
    "seed": 1
}