{
    "inference speed (ms)": 217.70126342773438,
    "FPS": 4.593450604074921,
    "model_class": "imgsz640",
    "seed": 2
}