{
    "inference speed (ms)": 212.61372327804565,
    "FPS": 4.7033652606339516,
    "model_class": "imgsz640",
    "seed": 4
}