{
    "inference speed (ms)": 207.87561416625977,
    "FPS": 4.810569070406671,
    "model_class": "imgsz640",
    "seed": 5
}