{
    "mAP50-95": 0.739899273674522,
    "mAP50": 0.8658520817651375,
    "mAP75": 0.7918475380968167,
    "mAP50-95 per class": [
        0.7609599841852384,
        0.707201297557572,
        0.7486110772707177,
        0.8394624822266721,
        0.6613567940443771,
        0.566506518041474,
        0.8532282227341721,
        0.7538282943621907,
        0.7549463687709574,
        0.7528916975518496
    ],
    "inference speed (ms)": 117.50647477034865,
    "FPS": 8.510169349853888,
    "model_size_kb": 2752.6455078125,
    "model_class": "imgsz480_integer"
}