{
    "inference speed (ms)": 73.83776903152466,
    "FPS": 13.543204421209627,
    "model_class": "imgsz320",
    "seed": 1
}