{
    "inference speed (ms)": 73.70889902114868,
    "FPS": 13.566882876829814,
    "model_class": "imgsz320",
    "seed": 2
}