{
    "inference speed (ms)": 74.17341470718384,
    "FPS": 13.481919417458721,
    "model_class": "imgsz320",
    "seed": 4
}