{
    "inference speed (ms)": 73.9708948135376,
    "FPS": 13.518830649821847,
    "model_class": "imgsz320",
    "seed": 5
}