{
    "mAP50-95": 0.47281728913658616,
    "mAP50": 0.6302913610769387,
    "mAP75": 0.5158620610291906,
    "mAP50-95 per class": [
        0.5150280829497463,
        0.42586142129465643,
        0.4712311315819151,
        0.5389577610687841,
        0.28673122910480364,
        0.42546472966532356,
        0.6099159716368746,
        0.47968088981436197,
        0.5012694193511567,
        0.47403225489823964
    ],
    "inference speed (ms)": 44.43653013514376,
    "FPS": 22.504007332677052,
    "model_size_kb": 3722.181640625,
    "model_class": "imgsz640"
}