{
    "mAP50-95": 0.303477381540671,
    "mAP50": 0.4438692118406925,
    "mAP75": 0.3268217651482606,
    "mAP50-95 per class": [
        0.3207046099295995,
        0.3160520555909253,
        0.21284668916114197,
        0.35574208565215654,
        0.166006804782091,
        0.29875327822539327,
        0.37176304590404763,
        0.31785405837484265,
        0.3156863737340204,
        0.3593648140524919
    ],
    "inference speed (ms)": 35.93675946367198,
    "FPS": 27.82666035903675,
    "model_size_kb": 2532.5,
    "model_class": "imgsz640"
}