{
    "mAP50-95": 0.032285219227550815,
    "mAP50": 0.06916772844923454,
    "mAP75": 0.026644474155173396,
    "mAP50-95 per class": [
        0.01326075370879511,
        0.06044550352786308,
        0.009454966242893888,
        0.08233429695043397,
        0.015558558817042465,
        0.019455500620560232,
        0.029557943316874495,
        0.01788968921042722,
        0.026019400043364532,
        0.04887557983725313
    ],
    "inference speed (ms)": 25.395332739270966,
    "FPS": 39.37731433830024,
    "model_size_kb": 1388.5810546875,
    "model_class": "imgsz640"
}