{
    "mAP50-95": 0.8466124752979627,
    "mAP50": 0.924303090834429,
    "mAP75": 0.8781290798834215,
    "mAP50-95 per class": [
        0.8554300430541485,
        0.8175622367244542,
        0.8347861453460131,
        0.9347429783329899,
        0.8087425159993767,
        0.7839029886502253,
        0.8863139799971164,
        0.855211791833187,
        0.8730005084960023,
        0.8164315645461133
    ],
    "inference speed (ms)": 87.8692968138333,
    "FPS": 11.380539463274385,
    "model_size_kb": 5404.8681640625,
    "model_class": "imgsz480_float16"
}