{
    "inference speed (ms)": 29.13335084915161,
    "FPS": 34.32492215460759,
    "model_class": "imgsz160",
    "seed": 3
}