{
    "inference speed (ms)": 29.782116413116455,
    "FPS": 33.577197339796385,
    "model_class": "imgsz160",
    "seed": 4
}