{
    "inference speed (ms)": 29.281139373779297,
    "FPS": 34.15167651896363,
    "model_class": "imgsz160",
    "seed": 5
}