{
    "inference speed (ms)": 106.72733545303345,
    "FPS": 9.36967081352894,
    "model_class": "imgsz640",
    "seed": 1
}