{
    "inference speed (ms)": 107.49979972839355,
    "FPS": 9.30234291158287,
    "model_class": "imgsz640",
    "seed": 3
}