{
    "inference speed (ms)": 44.84867334365845,
    "FPS": 22.297203583646223,
    "model_class": "imgsz320_q8",
    "seed": 2
}