{
    "inference speed (ms)": 44.693615436553955,
    "FPS": 22.37456044296925,
    "model_class": "imgsz320_q8",
    "seed": 3
}