{
    "inference speed (ms)": 44.22409772872925,
    "FPS": 22.612106325696075,
    "model_class": "imgsz320_q8",
    "seed": 4
}