{
    "mAP50-95": 0.7159703106409165,
    "mAP50": 0.8534783893385768,
    "mAP75": 0.7743557475558956,
    "mAP50-95 per class": [
        0.7404476216845868,
        0.6949264793398259,
        0.6997870043599441,
        0.8476470483103137,
        0.6340730285753076,
        0.578842640942707,
        0.8254212384547479,
        0.7235800335125996,
        0.7031670304187605,
        0.7118109808103701
    ],
    "inference speed (ms)": 16.16201849504449,
    "FPS": 61.87345969852804,
    "model_size_kb": 2737.0869140625,
    "model_class": "imgsz320_integer"
}