{
    "inference speed (ms)": 16.045832633972168,
    "FPS": 62.32147765786888,
    "model_class": "imgsz160",
    "seed": 1
}