{
    "inference speed (ms)": 16.120643615722656,
    "FPS": 62.03226272086854,
    "model_class": "imgsz160",
    "seed": 4
}