{
    "inference speed (ms)": 15.74648141860962,
    "FPS": 63.50625091508842,
    "model_class": "imgsz160",
    "seed": 5
}