{
    "inference speed (ms)": 9.882261753082275,
    "FPS": 101.19140992071985,
    "model_class": "imgsz160_q8",
    "seed": 1
}