{
    "inference speed (ms)": 9.96502161026001,
    "FPS": 100.3510116797336,
    "model_class": "imgsz160_q8",
    "seed": 3
}