{
    "inference speed (ms)": 168.6550998687744,
    "FPS": 5.929260370887514,
    "model_class": "imgsz480_q8",
    "seed": 4
}