{
    "inference speed (ms)": 96.18820905685425,
    "FPS": 10.396284636185783,
    "model_class": "imgsz640_q8",
    "seed": 2
}