{
    "inference speed (ms)": 94.91783857345581,
    "FPS": 10.535427428913813,
    "model_class": "imgsz640_q8",
    "seed": 4
}