{
    "inference speed (ms)": 95.11948585510254,
    "FPS": 10.513092990465912,
    "model_class": "imgsz640_q8",
    "seed": 5
}