{
    "inference speed (ms)": 373.0866861343384,
    "FPS": 2.68034222920495,
    "model_class": "imgsz640",
    "seed": 2
}