{
    "inference speed (ms)": 372.35862016677856,
    "FPS": 2.6855830531118157,
    "model_class": "imgsz640",
    "seed": 3
}