{
    "inference speed (ms)": 416.32410287857056,
    "FPS": 2.401974790999959,
    "model_class": "imgsz640",
    "seed": 4
}