{
    "inference speed (ms)": 31.722443103790283,
    "FPS": 31.523423234716663,
    "model_class": "imgsz160",
    "seed": 2
}