{
    "inference speed (ms)": 159.5626139640808,
    "FPS": 6.267132225755027,
    "model_class": "imgsz480_q8",
    "seed": 1
}