{
    "inference speed (ms)": 161.85675382614136,
    "FPS": 6.178302581516934,
    "model_class": "imgsz480_q8",
    "seed": 4
}