{
    "inference speed (ms)": 160.289888381958,
    "FPS": 6.2386967143996,
    "model_class": "imgsz480_q8",
    "seed": 5
}