{
    "inference speed (ms)": 249.64258909225464,
    "FPS": 4.005726761752391,
    "model_class": "imgsz640",
    "seed": 1
}