{
    "inference speed (ms)": 247.9507851600647,
    "FPS": 4.0330584125976845,
    "model_class": "imgsz640",
    "seed": 2
}