{
    "inference speed (ms)": 252.5624680519104,
    "FPS": 3.9594164869915076,
    "model_class": "imgsz640",
    "seed": 3
}