{
    "mAP50-95": 0.7296045067231482,
    "mAP50": 0.8521793162952245,
    "mAP75": 0.7672790740240691,
    "mAP50-95 per class": [
        0.7716081048094708,
        0.6836506029318113,
        0.7391650047644737,
        0.8428089469171078,
        0.6603084027726143,
        0.5919214736338486,
        0.8236616814985431,
        0.7610382197138168,
        0.7450741041616421,
        0.6768085260281537
    ],
    "inference speed (ms)": 20.407761136690777,
    "FPS": 49.00096552983054,
    "model_size_kb": 3235.697265625,
    "model_class": "imgsz320_q8"
}