{
    "inference speed (ms)": 150.35264492034912,
    "FPS": 6.651030319617992,
    "model_class": "imgsz480",
    "seed": 2
}