{
    "inference speed (ms)": 138.23433637619019,
    "FPS": 7.234092673462875,
    "model_class": "imgsz480",
    "seed": 5
}