{
    "inference speed (ms)": 271.2064003944397,
    "FPS": 3.6872286146109037,
    "model_class": "imgsz640_q8",
    "seed": 1
}