{
    "inference speed (ms)": 279.58001375198364,
    "FPS": 3.5767935861363225,
    "model_class": "imgsz640_q8",
    "seed": 2
}