{
    "inference speed (ms)": 283.7380075454712,
    "FPS": 3.5243780297559972,
    "model_class": "imgsz640_q8",
    "seed": 3
}