{
    "inference speed (ms)": 282.25724935531616,
    "FPS": 3.542867374652128,
    "model_class": "imgsz640_q8",
    "seed": 4
}