{
    "inference speed (ms)": 206.15836381912231,
    "FPS": 4.850639971499641,
    "model_class": "imgsz640_q8",
    "seed": 2
}