{
    "inference speed (ms)": 206.30319595336914,
    "FPS": 4.847234650819616,
    "model_class": "imgsz640_q8",
    "seed": 3
}