{
    "inference speed (ms)": 65.59719324111938,
    "FPS": 15.244554691909489,
    "model_class": "imgsz320_q8",
    "seed": 3
}