{
    "inference speed (ms)": 66.10751628875732,
    "FPS": 15.126872950906288,
    "model_class": "imgsz320_q8",
    "seed": 5
}