{
    "inference speed (ms)": 87.15158224105835,
    "FPS": 11.47426098626682,
    "model_class": "imgsz480_q8",
    "seed": 2
}