{
    "inference speed (ms)": 86.42374753952026,
    "FPS": 11.57089374703076,
    "model_class": "imgsz480_q8",
    "seed": 3
}