{
    "inference speed (ms)": 86.78095817565918,
    "FPS": 11.523265253373127,
    "model_class": "imgsz480_q8",
    "seed": 4
}