{
    "inference speed (ms)": 85.5043888092041,
    "FPS": 11.695306099800518,
    "model_class": "imgsz480_q8",
    "seed": 5
}