{
    "inference speed (ms)": 55.032780170440674,
    "FPS": 18.170988216530667,
    "model_class": "imgsz320",
    "seed": 1
}