{
    "inference speed (ms)": 54.52749252319336,
    "FPS": 18.3393725573324,
    "model_class": "imgsz320",
    "seed": 3
}