{
    "inference speed (ms)": 57.1341872215271,
    "FPS": 17.50265556631947,
    "model_class": "imgsz320",
    "seed": 4
}