{
    "inference speed (ms)": 54.825875759124756,
    "FPS": 18.239562727524117,
    "model_class": "imgsz320",
    "seed": 5
}