{
    "inference speed (ms)": 71.16321325302124,
    "FPS": 14.05220414154844,
    "model_class": "imgsz480_q8",
    "seed": 3
}