{
    "inference speed (ms)": 8.431780338287354,
    "FPS": 118.59891504278895,
    "model_class": "imgsz160",
    "seed": 1
}