{
    "inference speed (ms)": 8.559587001800537,
    "FPS": 116.82806656321698,
    "model_class": "imgsz160",
    "seed": 2
}