{
    "inference speed (ms)": 123.65244150161743,
    "FPS": 8.0871836241658,
    "model_class": "imgsz480",
    "seed": 2
}