{
    "inference speed (ms)": 122.43187189102173,
    "FPS": 8.167807814701336,
    "model_class": "imgsz480",
    "seed": 3
}