{
    "inference speed (ms)": 120.27390718460083,
    "FPS": 8.314355319522155,
    "model_class": "imgsz480",
    "seed": 5
}