{
    "inference speed (ms)": 66.18937969207764,
    "FPS": 15.108163947934571,
    "model_class": "imgsz320_q8",
    "seed": 1
}