{
    "inference speed (ms)": 66.63712501525879,
    "FPS": 15.00664981826597,
    "model_class": "imgsz320_q8",
    "seed": 2
}