{
    "inference speed (ms)": 66.33297681808472,
    "FPS": 15.07545790900439,
    "model_class": "imgsz320_q8",
    "seed": 4
}