{
    "mAP50-95": 0.6201159286134381,
    "mAP50": 0.7505759035914739,
    "mAP75": 0.6543984811976795,
    "mAP50-95 per class": [
        0.687366099963092,
        0.5308826370333442,
        0.6159949600936739,
        0.7604810395787984,
        0.47442618390708036,
        0.5388943273029694,
        0.7731505612704151,
        0.6142171905904157,
        0.6259119907790891,
        0.5798342956155038
    ],
    "inference speed (ms)": 18.271499324118953,
    "FPS": 54.730046082204574,
    "model_size_kb": 5943.2509765625,
    "model_class": "imgsz320"
}