{
    "mAP50-95": 0.268757202172066,
    "mAP50": 0.3882718154949657,
    "mAP75": 0.28877351289230174,
    "mAP50-95 per class": [
        0.2402904429246726,
        0.2823133972594987,
        0.1730549564336987,
        0.3490810846971287,
        0.13486027045600563,
        0.26195129844941717,
        0.34594004965969116,
        0.24574212216690997,
        0.28429951306145446,
        0.3700388866121825
    ],
    "inference speed (ms)": 10.176781779048087,
    "FPS": 98.26289112917755,
    "model_size_kb": 2409.8349609375,
    "model_class": "imgsz320"
}