{
    "inference speed (ms)": 354.1621160507202,
    "FPS": 2.823565691189817,
    "model_class": "imgsz640",
    "seed": 1
}