{
    "inference speed (ms)": 410.30107259750366,
    "FPS": 2.4372346717723015,
    "model_class": "imgsz640",
    "seed": 5
}