{
    "inference speed (ms)": 11.239395141601562,
    "FPS": 88.972759423556,
    "model_class": "imgsz160_q8",
    "seed": 2
}