{
    "inference speed (ms)": 26.87443971633911,
    "FPS": 37.21007807251216,
    "model_class": "imgsz320_q8",
    "seed": 4
}