{
    "inference speed (ms)": 38.50010633468628,
    "FPS": 25.973954235525323,
    "model_class": "imgsz320_q8",
    "seed": 1
}