{
    "inference speed (ms)": 38.67909908294678,
    "FPS": 25.853756258787577,
    "model_class": "imgsz320_q8",
    "seed": 2
}