{
    "inference speed (ms)": 38.735079765319824,
    "FPS": 25.816391912927386,
    "model_class": "imgsz320_q8",
    "seed": 3
}