{
    "inference speed (ms)": 38.43463182449341,
    "FPS": 26.01820161999641,
    "model_class": "imgsz320_q8",
    "seed": 5
}