{
    "inference speed (ms)": 73.35423469543457,
    "FPS": 13.632478126886355,
    "model_class": "imgsz320",
    "seed": 3
}