{
    "inference speed (ms)": 288.45845460891724,
    "FPS": 3.4667037281183806,
    "model_class": "imgsz640",
    "seed": 2
}