{
    "inference speed (ms)": 285.0626826286316,
    "FPS": 3.508000383560413,
    "model_class": "imgsz640",
    "seed": 3
}