{
    "inference speed (ms)": 283.1833577156067,
    "FPS": 3.531280962507241,
    "model_class": "imgsz640",
    "seed": 5
}