{
    "inference speed (ms)": 115.51421403884888,
    "FPS": 8.656943288933148,
    "model_class": "imgsz480_q8",
    "seed": 1
}