{
    "inference speed (ms)": 113.85354518890381,
    "FPS": 8.783213542809031,
    "model_class": "imgsz480_q8",
    "seed": 5
}