{
    "mAP50-95": 0.7832420182950581,
    "mAP50": 0.891594376292408,
    "mAP75": 0.8209852349666061,
    "mAP50-95 per class": [
        0.8188638308546864,
        0.7211412449855539,
        0.7767100992443324,
        0.8974417480604743,
        0.7225140710577849,
        0.6889234155568753,
        0.8638258264207821,
        0.8082709014629547,
        0.7958251021945959,
        0.7389039431125417
    ],
    "inference speed (ms)": 24.00586471475404,
    "FPS": 41.656487357666336,
    "model_size_kb": 11848.1474609375,
    "model_class": "imgsz320_quant16"
}