{
    "mAP50-95": 0.7601286920698872,
    "mAP50": 0.8711300764376839,
    "mAP75": 0.7971245206383327,
    "mAP50-95 per class": [
        0.8105902866783834,
        0.6918193707295377,
        0.7622459968496809,
        0.8754845143550203,
        0.7107064834423198,
        0.6593615929146115,
        0.8613514428758482,
        0.7713048519856269,
        0.7574899475137293,
        0.7009324333541146
    ],
    "inference speed (ms)": 24.672438872271574,
    "FPS": 40.53105593561172,
    "model_size_kb": 9373.3583984375,
    "model_class": "imgsz320_quant16"
}