{
    "mAP50-95": 0.5429417445722224,
    "mAP50": 0.6767347656779825,
    "mAP75": 0.5792688288502928,
    "mAP50-95 per class": [
        0.6085823257609249,
        0.48081990926313295,
        0.5236982976056854,
        0.6700407335816151,
        0.37337342309203,
        0.48130708189566107,
        0.6953819387216453,
        0.5190581298964628,
        0.5354430658881066,
        0.5417125400169612
    ],
    "inference speed (ms)": 15.418367995612922,
    "FPS": 64.85770739708222,
    "model_size_kb": 4772.6611328125,
    "model_class": "imgsz320_quant16"
}