{
    "mAP50-95": 0.4255846740079645,
    "mAP50": 0.5623508846152012,
    "mAP75": 0.4582557098598804,
    "mAP50-95 per class": [
        0.4458071215645593,
        0.3852496363698845,
        0.3235245593152912,
        0.5767254442231773,
        0.2597675669101038,
        0.38784881770513857,
        0.5738989011201749,
        0.3903059717660455,
        0.4359851722731114,
        0.4767335488321599
    ],
    "inference speed (ms)": 13.728693812743,
    "FPS": 72.84014150507153,
    "model_size_kb": 3599.5166015625,
    "model_class": "imgsz320_quant16"
}