{
    "mAP50-95": 0.0389315491473012,
    "mAP50": 0.07897571897764463,
    "mAP75": 0.03321260668303964,
    "mAP50-95 per class": [
        0.022470130932524725,
        0.060233977020389885,
        0.016470285425278237,
        0.0670380289342876,
        0.022530759938318306,
        0.01770943177157931,
        0.04641700864669079,
        0.03372747923511973,
        0.03090497501866843,
        0.07181341455015494
    ],
    "inference speed (ms)": 7.150867375834236,
    "FPS": 139.84317530198047,
    "model_size_kb": 1265.916015625,
    "model_class": "imgsz320_quant16"
}