{
    "inference speed (ms)": 202.73914575576782,
    "FPS": 4.932446549837308,
    "model_class": "imgsz480",
    "seed": 3
}