{
    "inference speed (ms)": 14.690182209014893,
    "FPS": 68.07267505411419,
    "model_class": "imgsz160_q8",
    "seed": 1
}