{
    "inference speed (ms)": 14.397902488708496,
    "FPS": 69.45456123100197,
    "model_class": "imgsz160_q8",
    "seed": 2
}