{
    "inference speed (ms)": 73.27365636825562,
    "FPS": 13.647469630480055,
    "model_class": "imgsz320_q8",
    "seed": 1
}