{
    "inference speed (ms)": 72.14399099349976,
    "FPS": 13.861168286213898,
    "model_class": "imgsz320_q8",
    "seed": 2
}