{
    "inference speed (ms)": 72.48743295669556,
    "FPS": 13.795494739031607,
    "model_class": "imgsz320_q8",
    "seed": 3
}