{
    "inference speed (ms)": 72.17851400375366,
    "FPS": 13.854538484236386,
    "model_class": "imgsz320_q8",
    "seed": 4
}