{
    "mAP50-95": 0.5241485410133148,
    "mAP50": 0.66864922300824,
    "mAP75": 0.5663097381764342,
    "mAP50-95 per class": [
        0.5430389419675238,
        0.49755279507916556,
        0.49395076916670855,
        0.6931982592360013,
        0.3489596125272947,
        0.42457760411062917,
        0.6688731997628854,
        0.4955071289089566,
        0.532050885690498,
        0.543776213683484
    ],
    "inference speed (ms)": 11.318253203370105,
    "FPS": 88.3528564021029,
    "model_size_kb": 5355.6259765625,
    "model_class": "imgsz160_float16"
}