{
    "inference speed (ms)": 28.669373989105225,
    "FPS": 34.8804267710908,
    "model_class": "imgsz160",
    "seed": 5
}