{
    "inference speed (ms)": 284.88797903060913,
    "FPS": 3.5101516160938377,
    "model_class": "imgsz640_q8",
    "seed": 5
}