{
    "inference speed (ms)": 217.8451442718506,
    "FPS": 4.590416753802383,
    "model_class": "imgsz480",
    "seed": 1
}