{
    "inference speed (ms)": 219.34185028076172,
    "FPS": 4.559093482251477,
    "model_class": "imgsz480",
    "seed": 2
}