{
    "inference speed (ms)": 76.16465330123901,
    "FPS": 13.12944990433945,
    "model_class": "imgsz320_q8",
    "seed": 3
}