{
    "inference speed (ms)": 75.19447803497314,
    "FPS": 13.298848880032088,
    "model_class": "imgsz320_q8",
    "seed": 5
}