{
    "imgsz480_q8": {
        "90": {
            "FPS": 17.866383014043784,
            "inference speed (ms)": 55.97568130493164
        },
        "00": {
            "FPS": 5.957972641427867,
            "inference speed (ms)": 167.84808111190796
        },
        "80": {
            "FPS": 14.10046149737389,
            "inference speed (ms)": 70.92306327819824
        },
        "70": {
            "FPS": 11.556107385324747,
            "inference speed (ms)": 86.5380539894104
        },
        "10": {
            "FPS": 6.197561034691236,
            "inference speed (ms)": 161.36309385299683
        },
        "50": {
            "FPS": 8.722347311213056,
            "inference speed (ms)": 114.65068578720093
        },
        "20": {
            "FPS": 6.798007785742262,
            "inference speed (ms)": 147.10635471343994
        },
        "30": {
            "FPS": 7.271106842781907,
            "inference speed (ms)": 137.54854440689087
        },
        "60": {
            "FPS": 9.925982415281435,
            "inference speed (ms)": 100.75443267822266
        }
    },
    "imgsz320": {
        "90": {
            "FPS": 36.8440094856483,
            "inference speed (ms)": 27.144657611846924
        },
        "00": {
            "FPS": 8.02187605083093,
            "inference speed (ms)": 125.25190448760986
        },
        "80": {
            "FPS": 24.43091961639551,
            "inference speed (ms)": 40.94084692001343
        },
        "70": {
            "FPS": 18.070462275185776,
            "inference speed (ms)": 55.35395431518555
        },
        "10": {
            "FPS": 9.034240971287417,
            "inference speed (ms)": 110.71270179748535
        },
        "50": {
            "FPS": 13.548663098441272,
            "inference speed (ms)": 73.80904245376587
        },
        "20": {
            "FPS": 10.19503094777838,
            "inference speed (ms)": 98.12415075302124
        },
        "30": {
            "FPS": 10.68287535534374,
            "inference speed (ms)": 93.79533767700195
        },
        "60": {
            "FPS": 15.286696649409123,
            "inference speed (ms)": 65.4685492515564
        }
    },
    "imgsz160": {
        "90": {
            "FPS": 119.68496601955171,
            "inference speed (ms)": 8.35704231262207
        },
        "00": {
            "FPS": 24.701582334452173,
            "inference speed (ms)": 56.620116233825684
        },
        "80": {
            "FPS": 82.38951950607462,
            "inference speed (ms)": 12.139161109924316
        },
        "70": {
            "FPS": 62.665142643084906,
            "inference speed (ms)": 15.959076881408691
        },
        "10": {
            "FPS": 31.121413748302484,
            "inference speed (ms)": 32.13465929031372
        },
        "50": {
            "FPS": 46.989506103028795,
            "inference speed (ms)": 21.281662940979004
        },
        "20": {
            "FPS": 34.23637358725116,
            "inference speed (ms)": 29.212296962738037
        },
        "30": {
            "FPS": 36.877207570828546,
            "inference speed (ms)": 27.139330863952637
        },
        "60": {
            "FPS": 54.46467439847557,
            "inference speed (ms)": 18.361106872558594
        }
    },
    "imgsz160_q8": {
        "90": {
            "FPS": 121.73195851962028,
            "inference speed (ms)": 8.215240001678467
        },
        "00": {
            "FPS": 47.192028915522485,
            "inference speed (ms)": 21.29957675933838
        },
        "80": {
            "FPS": 101.52432533364694,
            "inference speed (ms)": 9.850317478179932
        },
        "70": {
            "FPS": 88.57643172522071,
            "inference speed (ms)": 11.289872646331787
        },
        "10": {
            "FPS": 50.439956784877666,
            "inference speed (ms)": 19.82572078704834
        },
        "50": {
            "FPS": 68.88654845094793,
            "inference speed (ms)": 14.51736307144165
        },
        "20": {
            "FPS": 54.74541614524403,
            "inference speed (ms)": 18.26764726638794
        },
        "30": {
            "FPS": 57.724686115795734,
            "inference speed (ms)": 17.324517726898193
        },
        "60": {
            "FPS": 78.03731731919473,
            "inference speed (ms)": 12.814785957336426
        }
    },
    "imgsz640": {
        "90": {
            "FPS": 9.387391785418973,
            "inference speed (ms)": 106.54133605957031
        },
        "00": {
            "FPS": 2.173462643327178,
            "inference speed (ms)": 460.20230197906494
        },
        "80": {
            "FPS": 6.184761273454922,
            "inference speed (ms)": 161.70444917678833
        },
        "70": {
            "FPS": 4.715753346390161,
            "inference speed (ms)": 212.1082034111023
        },
        "10": {
            "FPS": 2.3224889111635827,
            "inference speed (ms)": 430.5932774543762
        },
        "50": {
            "FPS": 3.5089481935083398,
            "inference speed (ms)": 285.00009298324585
        },
        "20": {
            "FPS": 2.608027080992025,
            "inference speed (ms)": 383.45548725128174
        },
        "30": {
            "FPS": 2.6057400872557688,
            "inference speed (ms)": 385.2465195655823
        },
        "60": {
            "FPS": 4.0062586651568255,
            "inference speed (ms)": 249.61957931518555
        }
    },
    "imgsz640_q8": {
        "90": {
            "FPS": 10.399815735585445,
            "inference speed (ms)": 96.16698932647705
        },
        "00": {
            "FPS": 3.3947770703679665,
            "inference speed (ms)": 294.58284425735474
        },
        "80": {
            "FPS": 8.06124999530733,
            "inference speed (ms)": 124.06501245498657
        },
        "70": {
            "FPS": 6.584044678573171,
            "inference speed (ms)": 151.88474893569946
        },
        "10": {
            "FPS": 3.568283844249838,
            "inference speed (ms)": 280.33393001556396
        },
        "50": {
            "FPS": 4.9048410393025055,
            "inference speed (ms)": 203.89997911453247
        },
        "20": {
            "FPS": 3.8785404990134262,
            "inference speed (ms)": 257.8455033302307
        },
        "30": {
            "FPS": 4.1311273812102485,
            "inference speed (ms)": 242.07692193984985
        },
        "60": {
            "FPS": 5.622872049075989,
            "inference speed (ms)": 177.86193990707397
        }
    },
    "imgsz320_q8": {
        "90": {
            "FPS": 37.1586660310698,
            "inference speed (ms)": 26.91355562210083
        },
        "00": {
            "FPS": 13.252164099438152,
            "inference speed (ms)": 75.46293830871582
        },
        "80": {
            "FPS": 31.092438084700955,
            "inference speed (ms)": 32.163997650146484
        },
        "70": {
            "FPS": 25.899063664142982,
            "inference speed (ms)": 38.61181449890137
        },
        "10": {
            "FPS": 13.82387814119536,
            "inference speed (ms)": 72.34262800216675
        },
        "50": {
            "FPS": 19.51827774213165,
            "inference speed (ms)": 51.234278202056885
        },
        "20": {
            "FPS": 15.112339863604143,
            "inference speed (ms)": 66.17283821105957
        },
        "30": {
            "FPS": 16.23708439669686,
            "inference speed (ms)": 61.589051246643066
        },
        "60": {
            "FPS": 22.400085529130127,
            "inference speed (ms)": 44.64375686645508
        }
    },
    "imgsz480": {
        "90": {
            "FPS": 16.435872637746947,
            "inference speed (ms)": 60.852874755859375
        },
        "00": {
            "FPS": 3.7057862107363944,
            "inference speed (ms)": 269.89496898651123
        },