{
    "inference speed (ms)": 21.13821268081665,
    "FPS": 47.3076894011725,
    "model_class": "imgsz160",
    "seed": 1
}