{
    "inference speed (ms)": 21.29533052444458,
    "FPS": 46.958651280482144,
    "model_class": "imgsz160",
    "seed": 2
}