{
    "inference speed (ms)": 21.386525630950928,
    "FPS": 46.75841308944468,
    "model_class": "imgsz160",
    "seed": 3
}