{
    "inference speed (ms)": 21.320865154266357,
    "FPS": 46.90241192205549,
    "model_class": "imgsz160",
    "seed": 4
}