{
    "inference speed (ms)": 21.267380714416504,
    "FPS": 47.02036482198914,
    "model_class": "imgsz160",
    "seed": 5
}