{
    "inference speed (ms)": 463.83065938949585,
    "FPS": 2.1559592488263326,
    "model_class": "imgsz640",
    "seed": 1
}