{
    "inference speed (ms)": 463.2724952697754,
    "FPS": 2.1585568109707753,
    "model_class": "imgsz640",
    "seed": 2
}