{
    "inference speed (ms)": 469.4846534729004,
    "FPS": 2.1299950756701826,
    "model_class": "imgsz640",
    "seed": 4
}