{
    "inference speed (ms)": 27.663955688476562,
    "FPS": 36.14812036503336,
    "model_class": "imgsz320",
    "seed": 1
}