{
    "inference speed (ms)": 26.907329559326172,
    "FPS": 37.16459479173386,
    "model_class": "imgsz320",
    "seed": 3
}