{
    "inference speed (ms)": 26.837291717529297,
    "FPS": 37.26158401247435,
    "model_class": "imgsz320",
    "seed": 5
}