{
    "mAP50-95": 0.45345007456037206,
    "mAP50": 0.6035455796284461,
    "mAP75": 0.49404920075538916,
    "mAP50-95 per class": [
        0.4545140479864312,
        0.49647463098371764,
        0.3843379333423084,
        0.602264944112304,
        0.2726969365378177,
        0.37807970424403065,
        0.6000878018137199,
        0.43178453456441446,
        0.4604088535185661,
        0.4538513585004105
    ],
    "inference speed (ms)": 14.009542335038898,
    "FPS": 71.37991920684848,
    "model_size_kb": 2728.0205078125,
    "model_class": "imgsz160_integer"
}