{
    "inference speed (ms)": 239.85759735107422,
    "FPS": 4.169140402654506,
    "model_class": "imgsz640_q8",
    "seed": 1
}