{
    "inference speed (ms)": 243.99539470672607,
    "FPS": 4.098438010282797,
    "model_class": "imgsz640_q8",
    "seed": 2
}