{
    "inference speed (ms)": 241.46768808364868,
    "FPS": 4.141340847449462,
    "model_class": "imgsz640_q8",
    "seed": 3
}