{
    "inference speed (ms)": 179.66744184494019,
    "FPS": 5.565838694709295,
    "model_class": "imgsz640_q8",
    "seed": 1
}