{
    "inference speed (ms)": 179.9738335609436,
    "FPS": 5.556363279117324,
    "model_class": "imgsz640_q8",
    "seed": 2
}