{
    "inference speed (ms)": 177.59294033050537,
    "FPS": 5.630854459298733,
    "model_class": "imgsz640_q8",
    "seed": 3
}