{
    "inference speed (ms)": 176.5697717666626,
    "FPS": 5.663483562302512,
    "model_class": "imgsz640_q8",
    "seed": 4
}