{
    "inference speed (ms)": 175.50571203231812,
    "FPS": 5.697820249952076,
    "model_class": "imgsz640_q8",
    "seed": 5
}