{
    "inference speed (ms)": 12.950422763824463,
    "FPS": 77.21755638691477,
    "model_class": "imgsz160_q8",
    "seed": 1
}