{
    "inference speed (ms)": 12.746210098266602,
    "FPS": 78.45469298642686,
    "model_class": "imgsz160_q8",
    "seed": 4
}