{
    "inference speed (ms)": 71.26666784286499,
    "FPS": 14.031805194047907,
    "model_class": "imgsz480_q8",
    "seed": 1
}