{
    "inference speed (ms)": 71.43675088882446,
    "FPS": 13.99839700935278,
    "model_class": "imgsz480_q8",
    "seed": 2
}