{
    "inference speed (ms)": 70.65516948699951,
    "FPS": 14.153246071881535,
    "model_class": "imgsz480_q8",
    "seed": 4
}