{
    "inference speed (ms)": 70.093514919281,
    "FPS": 14.26665507003879,
    "model_class": "imgsz480_q8",
    "seed": 5
}