{
    "inference speed (ms)": 102.15561389923096,
    "FPS": 9.788987230661908,
    "model_class": "imgsz480_q8",
    "seed": 2
}