{
    "inference speed (ms)": 101.45236015319824,
    "FPS": 9.856843137901858,
    "model_class": "imgsz480_q8",
    "seed": 3
}