{
    "inference speed (ms)": 99.59109783172607,
    "FPS": 10.041058104306153,
    "model_class": "imgsz480_q8",
    "seed": 4
}