{
    "inference speed (ms)": 99.99460220336914,
    "FPS": 10.000539808800866,
    "model_class": "imgsz480_q8",
    "seed": 5
}