{
    "inference speed (ms)": 267.72868156433105,
    "FPS": 3.7351246573845898,
    "model_class": "imgsz480",
    "seed": 1
}