{
    "inference speed (ms)": 18.36960792541504,
    "FPS": 54.437743258333924,
    "model_class": "imgsz160_q8",
    "seed": 2
}