{
    "inference speed (ms)": 17.382142543792725,
    "FPS": 57.5303071805211,
    "model_class": "imgsz160_q8",
    "seed": 2
}