{
    "inference speed (ms)": 17.42530584335327,
    "FPS": 57.387801912322885,
    "model_class": "imgsz160_q8",
    "seed": 3
}