{
    "inference speed (ms)": 17.255406379699707,
    "FPS": 57.95285129746117,
    "model_class": "imgsz160_q8",
    "seed": 5
}