{
    "inference speed (ms)": 12.013983726501465,
    "FPS": 83.23633715219,
    "model_class": "imgsz160",
    "seed": 3
}