{
    "inference speed (ms)": 12.134590148925781,
    "FPS": 82.40904618344487,
    "model_class": "imgsz160",
    "seed": 5
}