{
    "inference speed (ms)": 17.11266040802002,
    "FPS": 58.43626742755557,
    "model_class": "imgsz160_q8",
    "seed": 1
}