{
    "inference speed (ms)": 17.447073459625244,
    "FPS": 57.31620276111794,
    "model_class": "imgsz160_q8",
    "seed": 4
}