{
    "mAP50-95": 0.7656909791404735,
    "mAP50": 0.8819188215390901,
    "mAP75": 0.8161438162826962,
    "mAP50-95 per class": [
        0.8062310876428708,
        0.7413035023755898,
        0.7855094977570058,
        0.8020012336465229,
        0.7074309061666317,
        0.699128616476107,
        0.828843628281773,
        0.7805574181799372,
        0.7999119144188988,
        0.7059919864593969
    ],
    "inference speed (ms)": 156.91254347905345,
    "FPS": 6.372976804964556,
    "model_size_kb": 3358.78515625,
    "model_class": "imgsz640_q8"
}