{
    "mAP50-95": 0.537751943444443,
    "mAP50": 0.6920078905355239,
    "mAP75": 0.5835720709966331,
    "mAP50-95 per class": [
        0.5757883348138928,
        0.49491524168072687,
        0.5461564020796844,
        0.6076888255666946,
        0.4066546672103641,
        0.447821515513214,
        0.6751544735937334,
        0.5471416305054919,
        0.5883898532353308,
        0.4878084902452969
    ],
    "inference speed (ms)": 49.67299275014592,
    "FPS": 20.13166400160301,
    "model_size_kb": 1599.640625,
    "model_class": "imgsz640_q8"
}