{
    "mAP50-95": 0.35258277587511644,
    "mAP50": 0.4993418772474477,
    "mAP75": 0.388513032110892,
    "mAP50-95 per class": [
        0.38751184225828716,
        0.34543067886130163,
        0.34405507768737265,
        0.39730990238350106,
        0.20567682157446598,
        0.2656246869177875,
        0.4396099173018754,
        0.36403750604810103,
        0.41150509657818884,
        0.36506622914028414
    ],
    "inference speed (ms)": 46.365322566580495,
    "FPS": 21.567843048304095,
    "model_size_kb": 1304.908203125,
    "model_class": "imgsz640_q8"
}