{
    "mAP50-95": 0.18574459806483573,
    "mAP50": 0.29302163335005893,
    "mAP75": 0.19644640294228694,
    "mAP50-95 per class": [
        0.21435096044997787,
        0.22001678970045174,
        0.1138782245662366,
        0.14832141371051305,
        0.14011245567241393,
        0.08948484575716119,
        0.23131007988546504,
        0.2029608882786637,
        0.2445302228649159,
        0.2524800997625588
    ],
    "inference speed (ms)": 38.993088164548766,
    "FPS": 25.645570717047416,
    "model_size_kb": 1005.609375,
    "model_class": "imgsz640_q8"
}