{
    "inference speed (ms)": 94.539635181427,
    "FPS": 10.577574136825708,
    "model_class": "imgsz320",
    "seed": 1
}