{
    "inference speed (ms)": 98.20900440216064,
    "FPS": 10.18236572183395,
    "model_class": "imgsz320",
    "seed": 4
}