{
    "inference speed (ms)": 26.898670196533203,
    "FPS": 37.17655901550418,
    "model_class": "imgsz320_q8",
    "seed": 1
}