{
    "inference speed (ms)": 26.942389011383057,
    "FPS": 37.11623344082456,
    "model_class": "imgsz320_q8",
    "seed": 2
}