{
    "inference speed (ms)": 27.284986972808838,
    "FPS": 36.65019158691779,
    "model_class": "imgsz320_q8",
    "seed": 3
}