{
    "inference speed (ms)": 26.56729221343994,
    "FPS": 37.64026803959031,
    "model_class": "imgsz320_q8",
    "seed": 5
}