{
    "inference speed (ms)": 102.36730575561523,
    "FPS": 9.768743961937734,
    "model_class": "imgsz320",
    "seed": 1
}