{
    "inference speed (ms)": 92.57622718811035,
    "FPS": 10.80190919822266,
    "model_class": "imgsz320",
    "seed": 2
}