{
    "inference speed (ms)": 92.03578472137451,
    "FPS": 10.865338987735699,
    "model_class": "imgsz320",
    "seed": 4
}