{
    "inference speed (ms)": 90.86827516555786,
    "FPS": 11.004940923309544,
    "model_class": "imgsz320",
    "seed": 5
}