{
    "mAP50-95": 0.4504673509245486,
    "mAP50": 0.6020536931190176,
    "mAP75": 0.49639800257873956,
    "mAP50-95 per class": [
        0.45396285784474283,
        0.48725069087455325,
        0.3867852468656485,
        0.5962686786915825,
        0.27301629604875266,
        0.38058685122507824,
        0.5924245736918202,
        0.42604837207909874,
        0.46122802504678156,
        0.44710191687742656
    ],
    "inference speed (ms)": 14.135765960846824,
    "FPS": 70.7425407841213,
    "model_size_kb": 2727.7666015625,
    "model_class": "imgsz160_full"
}