{
    "mAP50-95": 0.7699839509153296,
    "mAP50": 0.8668198443980216,
    "mAP75": 0.8152454745485862,
    "mAP50-95 per class": [
        0.8141081998785221,
        0.7412735455916086,
        0.7765124053127778,
        0.8617836235896406,
        0.7286271486711223,
        0.6054821344540788,
        0.8523529410773042,
        0.7932277640842086,
        0.8032177646994045,
        0.7232539817946279
    ],
    "inference speed (ms)": 93.40514568076736,
    "FPS": 10.706048287936085,
    "model_size_kb": 2682.158203125,
    "model_class": "imgsz480_q8"
}