{
    "mAP50-95": 0.5762962339112727,
    "mAP50": 0.7171781182574936,
    "mAP75": 0.6194477216237819,
    "mAP50-95 per class": [
        0.6463657493826683,
        0.5100342066283716,
        0.5724780667128623,
        0.6629437247368648,
        0.4138363502112691,
        0.5134067446692928,
        0.7361632742140378,
        0.5555993480002317,
        0.6030406830500504,
        0.5490941915070779
    ],
    "inference speed (ms)": 29.41730806882354,
    "FPS": 33.99359307998001,
    "model_size_kb": 1527.822265625,
    "model_class": "imgsz480_q8"
}