{
    "mAP50-95": 0.4256739869262187,
    "mAP50": 0.5679385735305102,
    "mAP75": 0.47089624778845335,
    "mAP50-95 per class": [
        0.4849245868584792,
        0.38799320868532855,
        0.4019560445806148,
        0.5070429121836274,
        0.26331133550976316,
        0.36281343288283746,
        0.52842383857684,
        0.41603096266422507,
        0.4388822552582085,
        0.4653612920622619
    ],
    "inference speed (ms)": 26.82333773580091,
    "FPS": 37.28096815726655,
    "model_size_kb": 1233.091796875,
    "model_class": "imgsz480_q8"
}