{
    "inference speed (ms)": 51.2744402885437,
    "FPS": 19.502894509868128,
    "model_class": "imgsz320_q8",
    "seed": 1
}