{
    "inference speed (ms)": 51.1640191078186,
    "FPS": 19.544985273590157,
    "model_class": "imgsz320_q8",
    "seed": 2
}