{
    "inference speed (ms)": 51.0970401763916,
    "FPS": 19.570605196463625,
    "model_class": "imgsz320_q8",
    "seed": 3
}