{
    "inference speed (ms)": 51.20693922042847,
    "FPS": 19.52860325619815,
    "model_class": "imgsz320_q8",
    "seed": 4
}