{
    "inference speed (ms)": 51.42895221710205,
    "FPS": 19.444300474538203,
    "model_class": "imgsz320_q8",
    "seed": 5
}