{
    "inference speed (ms)": 435.99339485168457,
    "FPS": 2.293612728560207,
    "model_class": "imgsz640",
    "seed": 2
}