{
    "inference speed (ms)": 32.01482534408569,
    "FPS": 31.235528829293973,
    "model_class": "imgsz160",
    "seed": 1
}