{
    "inference speed (ms)": 32.39602327346802,
    "FPS": 30.867986220363935,
    "model_class": "imgsz160",
    "seed": 3
}