{
    "inference speed (ms)": 32.04301834106445,
    "FPS": 31.208046300633878,
    "model_class": "imgsz160",
    "seed": 4
}