{
    "inference speed (ms)": 32.496986389160156,
    "FPS": 30.77208415650396,
    "model_class": "imgsz160",
    "seed": 5
}