{
    "mAP50-95": 0.5242549478424717,
    "mAP50": 0.6681391906717262,
    "mAP75": 0.5666366554074823,
    "mAP50-95 per class": [
        0.543049202652663,
        0.49747805790390576,
        0.49425007103164276,
        0.6926413259373272,
        0.3471503167715214,
        0.42532303728590615,
        0.6698284236373613,
        0.49702726837048516,
        0.5320632716289351,
        0.5437385032049694
    ],
    "inference speed (ms)": 25.364172869715198,
    "FPS": 39.42568934286043,
    "model_size_kb": 10624.4306640625,
    "model_class": "imgsz160_float32"
}