{
    "inference speed (ms)": 198.63184213638306,
    "FPS": 5.034439540229345,
    "model_class": "imgsz480",
    "seed": 1
}