{
    "inference speed (ms)": 197.2785210609436,
    "FPS": 5.068975551023511,
    "model_class": "imgsz480",
    "seed": 2
}