{
    "inference speed (ms)": 199.9279260635376,
    "FPS": 5.001802497977184,
    "model_class": "imgsz480",
    "seed": 4
}