{
    "inference speed (ms)": 202.7030849456787,
    "FPS": 4.933324030406269,
    "model_class": "imgsz480",
    "seed": 5
}