{
    "mAP50-95": 0.7946116097788228,
    "mAP50": 0.9057659971712708,
    "mAP75": 0.8433412002652683,
    "mAP50-95 per class": [
        0.8223493579778738,
        0.7516065235515709,
        0.8024702690260035,
        0.8628484436199273,
        0.7430548398733816,
        0.7337902616429696,
        0.8344637105468877,
        0.8232622221236863,
        0.8315160146587834,
        0.7407544547671456
    ],
    "inference speed (ms)": 66.77327399281249,
    "FPS": 14.976051647664312,
    "model_size_kb": 8437.9931640625,
    "model_class": "imgsz640"
}