{
    "mAP50-95": 0.6791922740254196,
    "mAP50": 0.8180880571663204,
    "mAP75": 0.7341930645319332,
    "mAP50-95 per class": [
        0.7060000826186985,
        0.6124922253543772,
        0.7027214690100709,
        0.7604750125343844,
        0.5510101245673538,
        0.6416005437099888,
        0.7722338587715624,
        0.684434143940867,
        0.7244832775790007,
        0.636472002167891
    ],
    "inference speed (ms)": 285.00009298324585,
    "FPS": 3.5089481935083398,
    "model_size_kb": 6065.916015625,
    "model_class": "imgsz640"
}