{
    "mAP50-95": 0.7667396204836006,
    "mAP50": 0.8781392014955804,
    "mAP75": 0.8017116050295738,
    "mAP50-95 per class": [
        0.8099602995145341,
        0.7268987087531753,
        0.7513072956079231,
        0.8730018246483097,
        0.6949762624703681,
        0.6623825526897414,
        0.8564907852635107,
        0.7749180784822497,
        0.7782847530626996,
        0.7391756443434923
    ],
    "inference speed (ms)": 72.34262800216675,
    "FPS": 13.82387814119536,
    "model_size_kb": 2953.5693359375,
    "model_class": "imgsz320_q8"
}