{
    "mAP50-95": 0.682066204637937,
    "mAP50": 0.8146535544026815,
    "mAP75": 0.720272629505777,
    "mAP50-95 per class": [
        0.714971391219423,
        0.624780338895396,
        0.6922335480811294,
        0.8072737182104962,
        0.5996238698393248,
        0.5528646745623959,
        0.814230509038708,
        0.7091008196205906,
        0.694219920019276,
        0.6113632568926289
    ],
    "inference speed (ms)": 61.589051246643066,
    "FPS": 16.23708439669686,
    "model_size_kb": 2365.552734375,
    "model_class": "imgsz320_q8"
}