{
    "mAP50-95": 0.568816462760224,
    "mAP50": 0.710740672144034,
    "mAP75": 0.6091290187848607,
    "mAP50-95 per class": [
        0.6274031398600283,
        0.5065301541443881,
        0.5749469320908422,
        0.6916309428259775,
        0.4235830883783464,
        0.44571233740752386,
        0.7223733534524848,
        0.5627461896768112,
        0.591044496469982,
        0.5421939932958557
    ],
    "inference speed (ms)": 13.995601699270052,
    "FPS": 71.45101879057871,
    "model_size_kb": 1770.4248046875,
    "model_class": "imgsz320_q8"
}