{
    "mAP50-95": 0.37550093465042933,
    "mAP50": 0.5106084254203133,
    "mAP75": 0.40345196472256273,
    "mAP50-95 per class": [
        0.3893270352767856,
        0.34774238303183097,
        0.2940574680099455,
        0.48365500023130925,
        0.23588047273507184,
        0.33169263944478344,
        0.47347125004543666,
        0.3372329293019361,
        0.39850619967060485,
        0.4634439687565887
    ],
    "inference speed (ms)": 38.61181449890137,
    "FPS": 25.899063664142982,
    "model_size_kb": 1181.818359375,
    "model_class": "imgsz320_q8"
}