{
    "mAP50-95": 0.2083446665807168,
    "mAP50": 0.3142485427836095,
    "mAP75": 0.2239948909254758,
    "mAP50-95 per class": [
        0.1904050918896153,
        0.22761068908409668,
        0.11193078870890841,
        0.25621719433788687,
        0.12034877821227756,
        0.20092075896175618,
        0.27128809263956016,
        0.1801781615173162,
        0.2516671786101164,
        0.27287993184563486
    ],
    "inference speed (ms)": 10.939065581080557,
    "FPS": 91.41548632175038,
    "model_size_kb": 882.51953125,
    "model_class": "imgsz320_q8"
}