{
    "mAP50-95": 0.02134259881047507,
    "mAP50": 0.04589535960135508,
    "mAP75": 0.017542355285512515,
    "mAP50-95 per class": [
        0.016806783013240144,
        0.047386617538786,
        0.01118731050670417,
        0.022318387641817365,
        0.01503037517890321,
        0.006641495657471944,
        0.021305385944023855,
        0.009915437120475405,
        0.02563466370389299,
        0.0371995317994356
    ],
    "inference speed (ms)": 26.91355562210083,
    "FPS": 37.1586660310698,
    "model_size_kb": 593.7177734375,
    "model_class": "imgsz320_q8"
}