{
    "inference speed (ms)": 86.82959318161011,
    "FPS": 11.516810840152512,
    "model_class": "imgsz480_q8",
    "seed": 1
}