{
    "inference speed (ms)": 16.03937864303589,
    "FPS": 62.3465548295531,
    "model_class": "imgsz160",
    "seed": 2
}