{
    "inference speed (ms)": 15.843048095703125,
    "FPS": 63.11916709204558,
    "model_class": "imgsz160",
    "seed": 3
}