{
    "mAP50-95": 0.4616995793505827,
    "mAP50": 0.605260613638325,
    "mAP75": 0.4970314425747061,
    "mAP50-95 per class": [
        0.4966136900090098,
        0.45236071645978415,
        0.42774328141174267,
        0.5831305879589096,
        0.30096524094005583,
        0.33089834147819464,
        0.5992882507538202,
        0.46433992171692634,
        0.48335616480324095,
        0.4782995979741436
    ],
    "inference speed (ms)": 4.944586890867387,
    "FPS": 202.24136456111066,
    "model_size_kb": 3204.9267578125,
    "model_class": "imgsz160_q8"
}