{
    "mAP50-95": 0.4889083983904268,
    "mAP50": 0.6358837217361941,
    "mAP75": 0.5267680310703378,
    "mAP50-95 per class": [
        0.5497771498078761,
        0.4887371799068937,
        0.43696034376622545,
        0.620296032078005,
        0.3195263123080777,
        0.37334666864604593,
        0.6164135846227967,
        0.46125961561679435,
        0.5157733096036632,
        0.5069937875478898
    ],
    "inference speed (ms)": 15.026867389678955,
    "FPS": 66.54746954690232,
    "model_size_kb": 2922.798828125,
    "model_class": "imgsz160_q8"
}