{
    "mAP50-95": 0.3755279888110772,
    "mAP50": 0.5168185568277452,
    "mAP75": 0.40328343685979284,
    "mAP50-95 per class": [
        0.3177472996437529,
        0.404227403199625,
        0.3157839926044979,
        0.5024667151593653,
        0.27500068311622144,
        0.3146041813112942,
        0.5114886126930395,
        0.3443438313147429,
        0.4069539603525077,
        0.36266320871572394
    ],
    "inference speed (ms)": 17.324517726898193,
    "FPS": 57.724686115795734,
    "model_size_kb": 2334.7802734375,
    "model_class": "imgsz160_q8"
}