{
    "mAP50-95": 0.0695639791453019,
    "mAP50": 0.12230319191780056,
    "mAP75": 0.06535360205411458,
    "mAP50-95 per class": [
        0.03191087114191465,
        0.10173265686232129,
        0.01922527355406792,
        0.11152890020967918,
        0.029196830671323188,
        0.09413481372082459,
        0.08304185591101311,
        0.032646644135855725,
        0.1135098291266371,
        0.07871211611938209
    ],
    "inference speed (ms)": 3.3954339123320305,
    "FPS": 294.5131685137663,
    "model_size_kb": 851.748046875,
    "model_class": "imgsz160_q8"
}