{
    "mAP50-95": 0.02478875187071685,
    "mAP50": 0.048728454283978526,
    "mAP75": 0.02124547501563758,
    "mAP50-95 per class": [
        0.010876976478820508,
        0.03543404767336121,
        0.012392555636514646,
        0.05050885878310264,
        0.014966718051187317,
        0.01984022979519707,
        0.032287084048006516,
        0.01507160766471718,
        0.01966275091703422,
        0.03684668965922724
    ],
    "inference speed (ms)": 3.530445283856885,
    "FPS": 283.25038900122416,
    "model_size_kb": 562.9462890625,
    "model_class": "imgsz160_q8"
}