{
    "inference speed (ms)": 14.557275772094727,
    "FPS": 68.69417160571552,
    "model_class": "imgsz160_q8",
    "seed": 3
}