{
    "inference speed (ms)": 14.426658153533936,
    "FPS": 69.3161222341046,
    "model_class": "imgsz160_q8",
    "seed": 4
}