{
    "inference speed (ms)": 14.514796733856201,
    "FPS": 68.89521212980337,
    "model_class": "imgsz160_q8",
    "seed": 5
}