{
    "inference speed (ms)": 209.5325517654419,
    "FPS": 4.772528142163969,
    "model_class": "imgsz640",
    "seed": 3
}