{
    "mAP50-95": 0.4966912154743591,
    "mAP50": 0.6389633817736501,
    "mAP75": 0.5360160101842245,
    "mAP50-95 per class": [
        0.47332124610014203,
        0.4961648651238909,
        0.4743039207490418,
        0.6571319102027766,
        0.3116538303446658,
        0.40232365342810217,
        0.651196598884048,
        0.47305601631332916,
        0.5178695441489279,
        0.5098905694486662
    ],
    "inference speed (ms)": 10.409923805587592,
    "FPS": 96.06218245932249,
    "model_size_kb": 2733.5673828125,
    "model_class": "imgsz160_int8"
}