{
    "mAP50-95": 0.3992906323099388,
    "mAP50": 0.5386922374521282,
    "mAP75": 0.42764235223640473,
    "mAP50-95 per class": [
        0.35982785754457025,
        0.4045930785051149,
        0.3704727906695794,
        0.5091229205158511,
        0.2632142181233553,
        0.2922487036368525,
        0.5505233627168616,
        0.363901886497416,
        0.42966322630747555,
        0.4493382785823113
    ],
    "inference speed (ms)": 18.26764726638794,
    "FPS": 54.74541614524403,
    "model_size_kb": 2600.1171875,
    "model_class": "imgsz160_q8"
}