{
    "mAP50-95": 0.2668657769690378,
    "mAP50": 0.3955921233060879,
    "mAP75": 0.2824615150255306,
    "mAP50-95 per class": [
        0.2664852431542179,
        0.30988946678561147,
        0.16076785830239956,
        0.4090813602197897,
        0.1426018783268603,
        0.18942934547749085,
        0.32559760868692067,
        0.21560667270627282,
        0.3370205997307398,
        0.3121777363000751
    ],
    "inference speed (ms)": 14.51736307144165,
    "FPS": 68.88654845094793,
    "model_size_kb": 1739.65234375,
    "model_class": "imgsz160_q8"
}