{
    "inference speed (ms)": 8.130121231079102,
    "FPS": 122.99939589797128,
    "model_class": "imgsz160_q8",
    "seed": 1
}