{
    "inference speed (ms)": 8.26284646987915,
    "FPS": 121.02366946370549,
    "model_class": "imgsz160_q8",
    "seed": 4
}