{
    "inference speed (ms)": 8.277783393859863,
    "FPS": 120.80528716682306,
    "model_class": "imgsz160_q8",
    "seed": 5
}