{
    "inference speed (ms)": 292.0788526535034,
    "FPS": 3.4237329779787644,
    "model_class": "imgsz640_q8",
    "seed": 1
}