{
    "inference speed (ms)": 292.858624458313,
    "FPS": 3.4146168713646508,
    "model_class": "imgsz640_q8",
    "seed": 5
}