{
    "inference speed (ms)": 254.49663639068604,
    "FPS": 3.9293250165588343,
    "model_class": "imgsz640_q8",
    "seed": 1
}