{
    "inference speed (ms)": 203.49689245224,
    "FPS": 4.914079954487248,
    "model_class": "imgsz640_q8",
    "seed": 1
}