{
    "inference speed (ms)": 201.97051286697388,
    "FPS": 4.951217808010624,
    "model_class": "imgsz640_q8",
    "seed": 4
}