{
    "inference speed (ms)": 201.57093048095703,
    "FPS": 4.961032811695398,
    "model_class": "imgsz640_q8",
    "seed": 5
}