{
    "inference speed (ms)": 97.6659369468689,
    "FPS": 10.238984350746653,
    "model_class": "imgsz640_q8",
    "seed": 1
}