{
    "inference speed (ms)": 96.94347620010376,
    "FPS": 10.31528927161506,
    "model_class": "imgsz640_q8",
    "seed": 3
}