{
    "inference speed (ms)": 41.86090707778931,
    "FPS": 23.888636673393616,
    "model_class": "imgsz320",
    "seed": 2
}