{
    "inference speed (ms)": 40.87036371231079,
    "FPS": 24.467607067044142,
    "model_class": "imgsz320",
    "seed": 4
}