{
    "inference speed (ms)": 40.13406991958618,
    "FPS": 24.91648621741154,
    "model_class": "imgsz320",
    "seed": 5
}