{
    "inference speed (ms)": 377.77894496917725,
    "FPS": 2.6470506451374347,
    "model_class": "imgsz640",
    "seed": 1
}