{
    "inference speed (ms)": 384.7408962249756,
    "FPS": 2.5991518183064537,
    "model_class": "imgsz640",
    "seed": 2
}