{
    "inference speed (ms)": 384.14796113967896,
    "FPS": 2.603163627455497,
    "model_class": "imgsz640",
    "seed": 4
}