{
    "inference speed (ms)": 162.48281002044678,
    "FPS": 6.154497204191387,
    "model_class": "imgsz480_q8",
    "seed": 2
}