{
    "inference speed (ms)": 162.62340307235718,
    "FPS": 6.149176447593234,
    "model_class": "imgsz480_q8",
    "seed": 3
}