{
    "inference speed (ms)": 32.438721656799316,
    "FPS": 30.82735536190265,
    "model_class": "imgsz320_q8",
    "seed": 1
}