{
    "inference speed (ms)": 32.29278326034546,
    "FPS": 30.966671158009756,
    "model_class": "imgsz320_q8",
    "seed": 2
}