{
    "inference speed (ms)": 31.792380809783936,
    "FPS": 31.454077188590272,
    "model_class": "imgsz320_q8",
    "seed": 4
}