{
    "inference speed (ms)": 142.92734622955322,
    "FPS": 6.996561724401688,
    "model_class": "imgsz320",
    "seed": 1
}