{
    "inference speed (ms)": 121.32761240005493,
    "FPS": 8.242146863507777,
    "model_class": "imgsz320",
    "seed": 2
}