{
    "inference speed (ms)": 119.18867588043213,
    "FPS": 8.390058808969247,
    "model_class": "imgsz320",
    "seed": 4
}