{
    "inference speed (ms)": 74.68990802764893,
    "FPS": 13.388689669156067,
    "model_class": "imgsz320_q8",
    "seed": 1
}