{
    "inference speed (ms)": 75.38341045379639,
    "FPS": 13.265518155521962,
    "model_class": "imgsz320_q8",
    "seed": 2
}