{
    "inference speed (ms)": 75.88224172592163,
    "FPS": 13.17831388814119,
    "model_class": "imgsz320_q8",
    "seed": 4
}