{
    "inference speed (ms)": 20.321626663208008,
    "FPS": 49.208659157708304,
    "model_class": "imgsz160_q8",
    "seed": 4
}