{
    "inference speed (ms)": 44.76665258407593,
    "FPS": 22.338056170760304,
    "model_class": "imgsz320_q8",
    "seed": 1
}