{
    "inference speed (ms)": 44.68574523925781,
    "FPS": 22.378501122578772,
    "model_class": "imgsz320_q8",
    "seed": 5
}