{"x": [100.0, 49.74163551622113], "y1": [0.6613609361057441, 0.5620156811478066], "y2": [4075450400.0, 2254648000.0], "y3": [0.6613609361057441, 4.6220479565663456e-06]}