{"x": [100.0, 19.668195478090468], "y1": [0.6613609361057441, 0.3013795791054345], "y2": [4075450400.0, 1139299200.0], "y3": [0.6613609361057441, 0.00011128807861665206]}