{"x": [100.0, 9.917558362691425], "y1": [0.6613609361057441, 0.03583809341469211], "y2": [4075450400.0, 751498400.0], "y3": [0.6613609361057441, 5.497853335109534e-07]}