{
    "inference speed (ms)": 285.5444025993347,
    "FPS": 3.5020823062785187,
    "model_class": "imgsz640",
    "seed": 1
}