{
    "inference speed (ms)": 282.751567363739,
    "FPS": 3.5366735870771455,
    "model_class": "imgsz640",
    "seed": 4
}