{
    "inference speed (ms)": 12.14435338973999,
    "FPS": 82.34279486998771,
    "model_class": "imgsz160",
    "seed": 1
}