{
    "inference speed (ms)": 12.000813484191895,
    "FPS": 83.32768452049129,
    "model_class": "imgsz160",
    "seed": 2
}