{
    "inference speed (ms)": 12.402064800262451,
    "FPS": 80.63173480425922,
    "model_class": "imgsz160",
    "seed": 4
}