{
    "inference speed (ms)": 61.01686716079712,
    "FPS": 16.388910911546972,
    "model_class": "imgsz320_q8",
    "seed": 1
}