{
    "inference speed (ms)": 61.56179189682007,
    "FPS": 16.243841661984735,
    "model_class": "imgsz320_q8",
    "seed": 4
}