{
    "inference speed (ms)": 18.478963375091553,
    "FPS": 54.115589695249646,
    "model_class": "imgsz160",
    "seed": 1
}