{
    "inference speed (ms)": 18.178277015686035,
    "FPS": 55.01071411427497,
    "model_class": "imgsz160",
    "seed": 2
}