{
    "inference speed (ms)": 18.43235731124878,
    "FPS": 54.25242051865642,
    "model_class": "imgsz160",
    "seed": 5
}