{
    "inference speed (ms)": 163.0429768562317,
    "FPS": 6.133352195119582,
    "model_class": "imgsz480",
    "seed": 2
}