{
    "inference speed (ms)": 160.69114208221436,
    "FPS": 6.223118381275617,
    "model_class": "imgsz480",
    "seed": 4
}