{
    "inference speed (ms)": 159.63662385940552,
    "FPS": 6.2642266907418165,
    "model_class": "imgsz480",
    "seed": 5
}