{
    "mAP50-95": 0.792232073229177,
    "mAP50": 0.8943326478298432,
    "mAP75": 0.8257296708514694,
    "mAP50-95 per class": [
        0.8186581698325115,
        0.7412972089199814,
        0.7780388445882378,
        0.8994461028708016,
        0.7314474526868036,
        0.6933755682263685,
        0.8791506125529536,
        0.8079944514846359,
        0.8069580278874178,
        0.7659542932420587
    ],
    "inference speed (ms)": 48.70115665868781,
    "FPS": 20.533393221197958,
    "model_size_kb": 10659.8134765625,
    "model_class": "imgsz320"
}