{
    "mAP50-95": 0.7401684478583413,
    "mAP50": 0.8536905707615986,
    "mAP75": 0.7786908851912419,
    "mAP50-95 per class": [
        0.8119296618850335,
        0.6570169857909469,
        0.7478792190376277,
        0.8528194846387678,
        0.6649735386349886,
        0.6398109706907198,
        0.8477211814267285,
        0.7573580545593062,
        0.7429259018988561,
        0.6792494800204394
    ],
    "inference speed (ms)": 47.68988438721361,
    "FPS": 20.968807386501346,
    "model_size_kb": 8314.904296875,
    "model_class": "imgsz320"
}