{
    "inference speed (ms)": 234.7992992401123,
    "FPS": 4.258956492784811,
    "model_class": "imgsz480",
    "seed": 1
}