{
    "inference speed (ms)": 246.28554105758667,
    "FPS": 4.060327681868174,
    "model_class": "imgsz480",
    "seed": 2
}