{
    "inference speed (ms)": 250.90354919433594,
    "FPS": 3.9855952744034546,
    "model_class": "imgsz480",
    "seed": 4
}