{
    "inference speed (ms)": 247.04261541366577,
    "FPS": 4.047884606166142,
    "model_class": "imgsz480",
    "seed": 5
}