{
    "inference speed (ms)": 20.41858196258545,
    "FPS": 48.97499747202707,
    "model_class": "imgsz160_q8",
    "seed": 2
}