{
    "inference speed (ms)": 20.68242073059082,
    "FPS": 48.35023970481978,
    "model_class": "imgsz160_q8",
    "seed": 3
}