{
    "inference speed (ms)": 20.56401252746582,
    "FPS": 48.62864184041779,
    "model_class": "imgsz160_q8",
    "seed": 5
}