{
    "inference speed (ms)": 147.3669457435608,
    "FPS": 6.785782218355401,
    "model_class": "imgsz480_q8",
    "seed": 2
}