{
    "inference speed (ms)": 148.34033489227295,
    "FPS": 6.741254836226544,
    "model_class": "imgsz480_q8",
    "seed": 4
}