{
    "inference speed (ms)": 146.99745416641235,
    "FPS": 6.802838904052879,
    "model_class": "imgsz480_q8",
    "seed": 5
}