{
    "inference speed (ms)": 297.4464750289917,
    "FPS": 3.361949405863799,
    "model_class": "imgsz640_q8",
    "seed": 2
}