{
    "inference speed (ms)": 295.6726837158203,
    "FPS": 3.38211831892164,
    "model_class": "imgsz640_q8",
    "seed": 3
}