{
    "inference speed (ms)": 294.85758543014526,
    "FPS": 3.391467777710979,
    "model_class": "imgsz640_q8",
    "seed": 4
}