{
    "inference speed (ms)": 32.326533794403076,
    "FPS": 30.934340389229643,
    "model_class": "imgsz320_q8",
    "seed": 3
}