{
    "inference speed (ms)": 31.969568729400635,
    "FPS": 31.27974632577247,
    "model_class": "imgsz320_q8",
    "seed": 5
}