{
    "inference speed (ms)": 60.243234634399414,
    "FPS": 16.599374287731077,
    "model_class": "imgsz480",
    "seed": 1
}