{
    "inference speed (ms)": 61.444690227508545,
    "FPS": 16.274799275532907,
    "model_class": "imgsz480",
    "seed": 2
}