{
    "inference speed (ms)": 60.355966091156006,
    "FPS": 16.56837036606611,
    "model_class": "imgsz480",
    "seed": 3
}