{
    "inference speed (ms)": 94.37342405319214,
    "FPS": 10.596203433673926,
    "model_class": "imgsz480",
    "seed": 1
}