{
    "inference speed (ms)": 93.41789484024048,
    "FPS": 10.70458718546548,
    "model_class": "imgsz480",
    "seed": 2
}