{
    "inference speed (ms)": 92.88562536239624,
    "FPS": 10.765928485688372,
    "model_class": "imgsz480",
    "seed": 3
}