{
    "inference speed (ms)": 55.85745573043823,
    "FPS": 17.902713020548,
    "model_class": "imgsz480_q8",
    "seed": 1
}