{
    "inference speed (ms)": 56.36561632156372,
    "FPS": 17.74131226198322,
    "model_class": "imgsz480_q8",
    "seed": 3
}