{
    "inference speed (ms)": 55.08608341217041,
    "FPS": 18.153405325946,
    "model_class": "imgsz480_q8",
    "seed": 4
}