{
    "inference speed (ms)": 56.01719856262207,
    "FPS": 17.851660305398745,
    "model_class": "imgsz480_q8",
    "seed": 5
}