{
    "inference speed (ms)": 28.797152042388916,
    "FPS": 34.72565615266458,
    "model_class": "imgsz160",
    "seed": 1
}