{
    "inference speed (ms)": 29.067726135253906,
    "FPS": 34.40241577022361,
    "model_class": "imgsz160",
    "seed": 2
}