{
    "mAP50-95": 0.8310016859741601,
    "mAP50": 0.9161637819385156,
    "mAP75": 0.8648088027850822,
    "mAP50-95 per class": [
        0.8355931555060637,
        0.8005305853609436,
        0.8226004666025816,
        0.9263816595629502,
        0.7805430122011421,
        0.7582429306504016,
        0.8760001269267672,
        0.8420143973432129,
        0.8658953302898738,
        0.802215195297666
    ],
    "inference speed (ms)": 97.32465257589844,
    "FPS": 10.274888977591283,
    "model_size_kb": 2832.0283203125,
    "model_class": "imgsz480_int8"
}