{
    "inference speed (ms)": 164.10348176956177,
    "FPS": 6.093715923737834,
    "model_class": "imgsz640",
    "seed": 1
}