{
    "inference speed (ms)": 163.21954250335693,
    "FPS": 6.1267173321444215,
    "model_class": "imgsz640",
    "seed": 2
}