{
    "inference speed (ms)": 160.59218645095825,
    "FPS": 6.2269530174519465,
    "model_class": "imgsz640",
    "seed": 5
}