{
    "inference speed (ms)": 19.71872568130493,
    "FPS": 50.71321626772703,
    "model_class": "imgsz160_q8",
    "seed": 3
}