{
    "mAP50-95": 0.8467528984487229,
    "mAP50": 0.9248186919666237,
    "mAP75": 0.8787982923385353,
    "mAP50-95 per class": [
        0.8553321553700032,
        0.8184297928101906,
        0.8355757270019277,
        0.9345389330827929,
        0.8091777718478845,
        0.7834818408471292,
        0.8862791316025757,
        0.8550933342612129,
        0.873183665749588,
        0.8164366319139228
    ],
    "inference speed (ms)": 199.78716352890277,
    "FPS": 5.005326580230127,
    "model_size_kb": 10722.8916015625,
    "model_class": "imgsz480_float32"
}