{
    "inference speed (ms)": 139.68866348266602,
    "FPS": 7.158777062278144,
    "model_class": "imgsz480",
    "seed": 1
}