{
    "inference speed (ms)": 162.2895884513855,
    "FPS": 6.1618247328266165,
    "model_class": "imgsz480",
    "seed": 3
}