{
    "inference speed (ms)": 154.5377779006958,
    "FPS": 6.470909660954155,
    "model_class": "imgsz480",
    "seed": 4
}