{
    "inference speed (ms)": 104.53549146652222,
    "FPS": 9.566129033987014,
    "model_class": "imgsz640",
    "seed": 2
}