{
    "inference speed (ms)": 108.16856861114502,
    "FPS": 9.244829739726871,
    "model_class": "imgsz640",
    "seed": 4
}