{
    "inference speed (ms)": 105.77548503875732,
    "FPS": 9.453986428269166,
    "model_class": "imgsz640",
    "seed": 5
}