{
    "inference speed (ms)": 224.11664724349976,
    "FPS": 4.461962162558649,
    "model_class": "imgsz480",
    "seed": 3
}