{
    "inference speed (ms)": 221.05002403259277,
    "FPS": 4.523862887490819,
    "model_class": "imgsz480",
    "seed": 4
}