{
    "inference speed (ms)": 220.14138460159302,
    "FPS": 4.542535252105267,
    "model_class": "imgsz480",
    "seed": 5
}