{
    "inference speed (ms)": 38.71015548706055,
    "FPS": 25.833014293478232,
    "model_class": "imgsz320_q8",
    "seed": 4
}