{
    "inference speed (ms)": 56.55205249786377,
    "FPS": 17.68282415634295,
    "model_class": "imgsz480_q8",
    "seed": 2
}