{
    "mAP50-95": 0.7898777014157778,
    "mAP50": 0.8951661723804692,
    "mAP75": 0.837678345958652,
    "mAP50-95 per class": [
        0.8089679408446668,
        0.772990504539343,
        0.8033761629398299,
        0.8391445584213425,
        0.745278403908004,
        0.6421524024431853,
        0.8501647564201292,
        0.8233736003631961,
        0.8314061682669622,
        0.7819225160111183
    ],
    "inference speed (ms)": 280.33393001556396,
    "FPS": 3.568283844249838,
    "model_size_kb": 3076.662109375,
    "model_class": "imgsz640_q8"
}