{
    "mAP50-95": 0.7193758125589597,
    "mAP50": 0.8519932404557835,
    "mAP75": 0.7752755671233327,
    "mAP50-95 per class": [
        0.7317435259474675,
        0.6979817990143651,
        0.7385101949213098,
        0.7890768655957182,
        0.6159603034225155,
        0.6391757219849513,
        0.7860062797844025,
        0.7585128921452431,
        0.7863856545630401,
        0.6504048882105832
    ],
    "inference speed (ms)": 242.07692193984985,
    "FPS": 4.1311273812102485,
    "model_size_kb": 2488.638671875,
    "model_class": "imgsz640_q8"
}