{
    "mAP50-95": 0.6197744711207828,
    "mAP50": 0.7783275585026276,
    "mAP75": 0.6824230786769349,
    "mAP50-95 per class": [
        0.6647333047946202,
        0.5502795535232788,
        0.6583246929809451,
        0.6849866593053779,
        0.48930665226293846,
        0.5455756211774111,
        0.7178111015548114,
        0.6312156923190851,
        0.6677712293130269,
        0.5877402039763334
    ],
    "inference speed (ms)": 54.12068637623184,
    "FPS": 18.47722316469308,
    "model_size_kb": 1893.5126953125,
    "model_class": "imgsz640_q8"
}