{
    "mAP50-95": 0.024847474168237214,
    "mAP50": 0.05103074822356385,
    "mAP75": 0.020888104723558888,
    "mAP50-95 per class": [
        0.006707478988585499,
        0.03588607080442016,
        0.006706761222131671,
        0.048578473730187546,
        0.013469106316904808,
        0.020856733195002215,
        0.024390172607452364,
        0.0133650936157368,
        0.023023773539584624,
        0.055491077662366474
    ],
    "inference speed (ms)": 29.97115614085362,
    "FPS": 33.36541290901028,
    "model_size_kb": 716.806640625,
    "model_class": "imgsz640_q8"
}