{
    "inference speed (ms)": 11.271326541900635,
    "FPS": 88.72070171000247,
    "model_class": "imgsz160_q8",
    "seed": 1
}