{
    "inference speed (ms)": 11.274054050445557,
    "FPS": 88.69923769440146,
    "model_class": "imgsz160_q8",
    "seed": 4
}