{
    "inference speed (ms)": 11.288111209869385,
    "FPS": 88.58877994802916,
    "model_class": "imgsz160_q8",
    "seed": 5
}