{
    "inference speed (ms)": 114.87614393234253,
    "FPS": 8.705027569422597,
    "model_class": "imgsz480_q8",
    "seed": 2
}