{
    "inference speed (ms)": 114.65434312820435,
    "FPS": 8.721867595384666,
    "model_class": "imgsz480_q8",
    "seed": 3
}