{
    "inference speed (ms)": 114.35518264770508,
    "FPS": 8.744684559515838,
    "model_class": "imgsz480_q8",
    "seed": 4
}