{
    "inference speed (ms)": 260.18238067626953,
    "FPS": 3.8434577983366385,
    "model_class": "imgsz640_q8",
    "seed": 2
}