{
    "inference speed (ms)": 259.5862555503845,
    "FPS": 3.8522840813731163,
    "model_class": "imgsz640_q8",
    "seed": 3
}