{
    "inference speed (ms)": 258.2857084274292,
    "FPS": 3.8716815037444126,
    "model_class": "imgsz640_q8",
    "seed": 5
}