{
    "inference speed (ms)": 8.295600414276123,
    "FPS": 120.54582550517658,
    "model_class": "imgsz160",
    "seed": 3
}