{
    "inference speed (ms)": 8.225576877593994,
    "FPS": 121.57202040430057,
    "model_class": "imgsz160",
    "seed": 4
}