{
    "inference speed (ms)": 8.272666931152344,
    "FPS": 120.88000258227544,
    "model_class": "imgsz160",
    "seed": 5
}