{
    "inference speed (ms)": 139.83794689178467,
    "FPS": 7.151134740084982,
    "model_class": "imgsz480_q8",
    "seed": 2
}