{
    "inference speed (ms)": 138.82071495056152,
    "FPS": 7.203535872554264,
    "model_class": "imgsz480_q8",
    "seed": 3
}