{
    "inference speed (ms)": 135.54582834243774,
    "FPS": 7.377578581567546,
    "model_class": "imgsz480_q8",
    "seed": 4
}