{
    "x": [
        100.0,
        66.94054858735589,
        44.39956290383885,
        29.63850880527049
    ],
    "y1": [
        0.8490997015569014,
        0.0,
        0.0,
        0.0
    ],
    "y2": [
        4402361600.0,
        3121811200.0,
        2268165600.0,
        1677480800.0
    ],
    "y3": [
        0.8490997015569014,
        0.0,
        0.0,
        0.0
    ]
}