{
    "inference speed (ms)": 91.1290955543518,
    "FPS": 10.97344370551306,
    "model_class": "imgsz320",
    "seed": 3
}