{
    "inference speed (ms)": 12.77491569519043,
    "FPS": 78.27840307208332,
    "model_class": "imgsz160_q8",
    "seed": 2
}