{
    "inference speed (ms)": 12.779066562652588,
    "FPS": 78.25297685846212,
    "model_class": "imgsz160_q8",
    "seed": 3
}