{
    "inference speed (ms)": 12.823314666748047,
    "FPS": 77.98295729208655,
    "model_class": "imgsz160_q8",
    "seed": 5
}