{
    "inference speed (ms)": 9.801809787750244,
    "FPS": 102.02197570184889,
    "model_class": "imgsz160_q8",
    "seed": 2
}