{
    "inference speed (ms)": 9.828383922576904,
    "FPS": 101.74612712298381,
    "model_class": "imgsz160_q8",
    "seed": 4
}