{
    "inference speed (ms)": 9.774110317230225,
    "FPS": 102.31110224294858,
    "model_class": "imgsz160_q8",
    "seed": 5
}