{
    "mAP50-95": 0.7917758778023901,
    "mAP50": 0.8941716279128779,
    "mAP75": 0.8254646268194732,
    "mAP50-95 per class": [
        0.8179798475124137,
        0.740105140814914,
        0.7769547215065093,
        0.9000723674569071,
        0.7312002000706166,
        0.6918804432748086,
        0.8797434619358722,
        0.8081059600107621,
        0.8052567838725503,
        0.7664598515685483
    ],
    "inference speed (ms)": 97.86506939208371,
    "FPS": 10.218150420898693,
    "model_size_kb": 5374.0830078125,
    "model_class": "imgsz320_float16"
}