{
    "mAP50-95": 0.8119472641237011,
    "mAP50": 0.9029482559857549,
    "mAP75": 0.8495743866091864,
    "mAP50-95 per class": [
        0.8224599719178947,
        0.7913870145830352,
        0.8104555158563281,
        0.8982394613944893,
        0.7592569190941111,
        0.6900008600509046,
        0.8808388660231747,
        0.8266629404395098,
        0.8445428474370351,
        0.7956282444405282
    ],
    "inference speed (ms)": 161.36309385299683,
    "FPS": 6.197561034691236,
    "model_size_kb": 3004.83984375,
    "model_class": "imgsz480_q8"
}