{
    "inference speed (ms)": 248.50250005722046,
    "FPS": 4.024104384341159,
    "model_class": "imgsz640",
    "seed": 4
}