{
    "inference speed (ms)": 249.43955421447754,
    "FPS": 4.008987280101384,
    "model_class": "imgsz640",
    "seed": 5
}