{
    "mAP50-95": 0.7833643967789742,
    "mAP50": 0.883863463285963,
    "mAP75": 0.822405846305438,
    "mAP50-95 per class": [
        0.7877393409811446,
        0.7491427180411787,
        0.7937523320498083,
        0.8665862333173322,
        0.7318520971751821,
        0.6769926791413348,
        0.8601380153395001,
        0.8098491254401099,
        0.8137871896986979,
        0.7438042366054534
    ],
    "inference speed (ms)": 57.44267520548283,
    "FPS": 17.4086599626988,
    "model_size_kb": 3286.9677734375,
    "model_class": "imgsz480_q8"
}