{
    "mAP50-95": 0.7580873402934852,
    "mAP50": 0.8734507831371012,
    "mAP75": 0.7990889178792493,
    "mAP50-95 per class": [
        0.783443062791629,
        0.7184551241131888,
        0.7578615117689474,
        0.8434072584268464,
        0.6898073493204459,
        0.6649227900249414,
        0.8402165179175498,
        0.777799078750847,
        0.8031856595308507,
        0.7017750502896052
    ],
    "inference speed (ms)": 137.54854440689087,
    "FPS": 7.271106842781907,
    "model_size_kb": 2416.826171875,
    "model_class": "imgsz480_q8"
}