{
    "mAP50-95": 0.6323112579663632,
    "mAP50": 0.7729948760200145,
    "mAP75": 0.6764551354438815,
    "mAP50-95 per class": [
        0.6859284203990064,
        0.5660790662028867,
        0.6709806164891163,
        0.7093360982492399,
        0.4993876932771243,
        0.5235426815503337,
        0.7423865330819429,
        0.6469626642275835,
        0.6929312174624418,
        0.5855775887239576
    ],
    "inference speed (ms)": 114.65068578720093,
    "FPS": 8.722347311213056,
    "model_size_kb": 1821.697265625,
    "model_class": "imgsz480_q8"
}