{
    "mAP50-95": 0.2390808485712297,
    "mAP50": 0.3562393420780188,
    "mAP75": 0.2554487303311229,
    "mAP50-95 per class": [
        0.2620452891898821,
        0.24729947542136127,
        0.16307583957732139,
        0.2529178586059327,
        0.15793987848765567,
        0.21490327230800793,
        0.32893369703303516,
        0.2169372951500823,
        0.26733500022413476,
        0.2794208797148834
    ],
    "inference speed (ms)": 22.106909888914263,
    "FPS": 45.23472547836549,
    "model_size_kb": 933.79296875,
    "model_class": "imgsz480_q8"
}