{
    "mAP50-95": 0.027253819325061247,
    "mAP50": 0.05331183270915857,
    "mAP75": 0.024473254700003298,
    "mAP50-95 per class": [
        0.013071887343227123,
        0.04194863446692507,
        0.008710125229887195,
        0.04773471622051772,
        0.018380996153232857,
        0.01841167119282428,
        0.02044388465587183,
        0.020918674529745232,
        0.027840672817594316,
        0.05507693064078687
    ],
    "inference speed (ms)": 55.97568130493164,
    "FPS": 17.866383014043784,
    "model_size_kb": 644.990234375,
    "model_class": "imgsz480_q8"
}