{
    "inference speed (ms)": 150.98669290542603,
    "FPS": 6.6231002266297265,
    "model_class": "imgsz640_q8",
    "seed": 1
}