{
    "inference speed (ms)": 151.45537614822388,
    "FPS": 6.6026048426391695,
    "model_class": "imgsz640_q8",
    "seed": 4
}