{
    "inference speed (ms)": 55.249435901641846,
    "FPS": 18.09973230822223,
    "model_class": "imgsz320",
    "seed": 2
}