{
    "inference speed (ms)": 41.347622871398926,
    "FPS": 24.18518721403262,
    "model_class": "imgsz320",
    "seed": 1
}