{
    "inference speed (ms)": 40.491271018981934,
    "FPS": 24.69668091009564,
    "model_class": "imgsz320",
    "seed": 3
}