{
    "inference speed (ms)": 18.378043174743652,
    "FPS": 54.41275714131891,
    "model_class": "imgsz160",
    "seed": 3
}