{
    "inference speed (ms)": 18.33789348602295,
    "FPS": 54.531890522877944,
    "model_class": "imgsz160",
    "seed": 4
}