{
    "mAP50-95": 0.7757261593382202,
    "mAP50": 0.8828053672732186,
    "mAP75": 0.8123971167444134,
    "mAP50-95 per class": [
        0.7895311571790288,
        0.7252216840436055,
        0.7701365128735763,
        0.8828909686893563,
        0.7119909253687766,
        0.6694408888482009,
        0.8659078288458684,
        0.8010601011655158,
        0.7962182916490949,
        0.7448632347191785
    ],
    "inference speed (ms)": 12.963248737927142,
    "FPS": 77.14115652770408,
    "model_size_kb": 2770.4814453125,
    "model_class": "imgsz320_int8"
}