{
    "inference speed (ms)": 26.363918781280518,
    "FPS": 37.93062815494796,
    "model_class": "imgsz160",
    "seed": 1
}