{
    "inference speed (ms)": 26.85692548751831,
    "FPS": 37.23434391121007,
    "model_class": "imgsz160",
    "seed": 2
}