{
    "inference speed (ms)": 26.932811737060547,
    "FPS": 37.12943192722663,
    "model_class": "imgsz160",
    "seed": 3
}