{
    "inference speed (ms)": 26.873624324798584,
    "FPS": 37.211207089667276,
    "model_class": "imgsz160",
    "seed": 4
}