{
    "mAP50-95": 0.7419867472050028,
    "mAP50": 0.8655213186219678,
    "mAP75": 0.7968164334552685,
    "mAP50-95 per class": [
        0.7578163388244067,
        0.7068578590441745,
        0.7684972019022124,
        0.8064018811852259,
        0.6879414510941121,
        0.6648851684933381,
        0.8042793071104214,
        0.7661119496641013,
        0.7830949860093959,
        0.673981328722639
    ],
    "inference speed (ms)": 257.8455033302307,
    "FPS": 3.8785404990134262,
    "model_size_kb": 2753.9755859375,
    "model_class": "imgsz640_q8"
}