{
    "inference speed (ms)": 152.7422022819519,
    "FPS": 6.54697906053539,
    "model_class": "imgsz640_q8",
    "seed": 2
}