{
    "inference speed (ms)": 152.07037687301636,
    "FPS": 6.575902687707758,
    "model_class": "imgsz640_q8",
    "seed": 3
}