{
    "inference speed (ms)": 152.16909646987915,
    "FPS": 6.57163657535381,
    "model_class": "imgsz640_q8",
    "seed": 5
}