{
    "inference speed (ms)": 159.87897396087646,
    "FPS": 6.254731158361744,
    "model_class": "imgsz640",
    "seed": 3
}