{
    "inference speed (ms)": 160.72806119918823,
    "FPS": 6.2216889355786655,
    "model_class": "imgsz640",
    "seed": 4
}