{
    "inference speed (ms)": 8.255283832550049,
    "FPS": 121.13453883403317,
    "model_class": "imgsz160_q8",
    "seed": 2
}