{
    "inference speed (ms)": 8.15016508102417,
    "FPS": 122.6969012355683,
    "model_class": "imgsz160_q8",
    "seed": 3
}