{
    "mAP50-95": 0.24057598367771643,
    "mAP50": 0.3559303159143644,
    "mAP75": 0.2564695867108454,
    "mAP50-95 per class": [
        0.20630558178880581,
        0.2837025812632017,
        0.1264489837347566,
        0.3285992726480519,
        0.10696410025267693,
        0.2232183772014023,
        0.3419392443022852,
        0.19879631029557607,
        0.26665394746819776,
        0.3231314378222103
    ],
    "inference speed (ms)": 4.177206377873476,
    "FPS": 239.39444440594724,
    "model_size_kb": 1445.7783203125,
    "model_class": "imgsz160_q8"
}