{
    "mAP50-95": 0.14177151333492372,
    "mAP50": 0.23224626910283613,
    "mAP75": 0.14791654642433608,
    "mAP50-95 per class": [
        0.1123431671154809,
        0.2008514628856605,
        0.062154925679260134,
        0.18779997263430454,
        0.05832241391661401,
        0.10906715205494062,
        0.15544849155058954,
        0.08854267452553462,
        0.1973134521663951,
        0.24587142082045724
    ],
    "inference speed (ms)": 4.083181763517445,
    "FPS": 244.90704992239992,
    "model_size_kb": 1151.0478515625,
    "model_class": "imgsz160_q8"
}