{
    "inference speed (ms)": 89.78106260299683,
    "FPS": 11.138206332240722,
    "model_class": "imgsz480",
    "seed": 4
}