{
    "inference speed (ms)": 92.4558162689209,
    "FPS": 10.81597719164966,
    "model_class": "imgsz480",
    "seed": 5
}