{
    "inference speed (ms)": 137.12790966033936,
    "FPS": 7.292461487066799,
    "model_class": "imgsz480_q8",
    "seed": 1
}