{
    "inference speed (ms)": 136.41032218933105,
    "FPS": 7.33082353263595,
    "model_class": "imgsz480_q8",
    "seed": 5
}