{
    "inference speed (ms)": 450.10252952575684,
    "FPS": 2.221716018911588,
    "model_class": "imgsz640",
    "seed": 3
}