{
    "inference speed (ms)": 454.32117223739624,
    "FPS": 2.201086062257011,
    "model_class": "imgsz640",
    "seed": 5
}