{
    "inference speed (ms)": 19.822254180908203,
    "FPS": 50.448349157138225,
    "model_class": "imgsz160_q8",
    "seed": 1
}