{
    "inference speed (ms)": 19.84898567199707,
    "FPS": 50.38040817424737,
    "model_class": "imgsz160_q8",
    "seed": 2
}