{
    "inference speed (ms)": 19.84865427017212,
    "FPS": 50.381249347607714,
    "model_class": "imgsz160_q8",
    "seed": 5
}