{
    "inference speed (ms)": 244.18251276016235,
    "FPS": 4.095297360553442,
    "model_class": "imgsz640_q8",
    "seed": 4
}