{
    "inference speed (ms)": 240.88141679763794,
    "FPS": 4.151420285111034,
    "model_class": "imgsz640_q8",
    "seed": 5
}