{
    "mAP50-95": 0.7922327167453674,
    "mAP50": 0.8943355631075999,
    "mAP75": 0.8257299572334341,
    "mAP50-95 per class": [
        0.8186581698325115,
        0.7413023399783396,
        0.7780388445882378,
        0.8994461028708016,
        0.7314476255815885,
        0.6933755682263685,
        0.8791506125529536,
        0.8079944514846359,
        0.8069591590961787,
        0.7659542932420587
    ],
    "inference speed (ms)": 97.85027271029594,
    "FPS": 10.219695584913568,
    "model_size_kb": 10661.3447265625,
    "model_class": "imgsz320_float32"
}