{
    "mAP50-95": 0.7119384759144586,
    "mAP50": 0.8255496194981402,
    "mAP75": 0.7537284042221207,
    "mAP50-95 per class": [
        0.7448386647707846,
        0.6725528476012659,
        0.7229286492931858,
        0.8345779564664492,
        0.6451610493271621,
        0.5798177621349135,
        0.8178521321541938,
        0.7317068252496146,
        0.7091144062760872,
        0.6608344658709281
    ],
    "inference speed (ms)": 66.17283821105957,
    "FPS": 15.112339863604143,
    "model_size_kb": 2630.884765625,
    "model_class": "imgsz320_q8"
}