{
    "mAP50-95": 0.5047289114364955,
    "mAP50": 0.6405162831797042,
    "mAP75": 0.5401936665401526,
    "mAP50-95 per class": [
        0.569724259381579,
        0.4412244518377954,
        0.4812331620860273,
        0.6187695819492522,
        0.3291506224179853,
        0.4115102867897713,
        0.6619582457638147,
        0.49686142930349836,
        0.5197573844031413,
        0.5170996904320897
    ],
    "inference speed (ms)": 44.64375686645508,
    "FPS": 22.400085529130127,
    "model_size_kb": 1476.5478515625,
    "model_class": "imgsz320_q8"
}