{
    "mAP50-95": 0.8299183625123437,
    "mAP50": 0.9168000452998413,
    "mAP75": 0.8638846989039205,
    "mAP50-95 per class": [
        0.8407062798947973,
        0.7963038682396685,
        0.8290169124919812,
        0.9222475828463479,
        0.7835719949062439,
        0.7634119071898484,
        0.8891168809635712,
        0.8462087580248573,
        0.8490254461569737,
        0.7795739944091482
    ],
    "inference speed (ms)": 42.80002380924663,
    "FPS": 23.36447298386683,
    "model_size_kb": 11898.9794921875,
    "model_class": "imgsz480"
}