{
    "mAP50-95": 0.3222330380463643,
    "mAP50": 0.4556316554725154,
    "mAP75": 0.3489666665729884,
    "mAP50-95 per class": [
        0.35327150179584954,
        0.3094176958762612,
        0.2326122882921477,
        0.3869511734132228,
        0.17320848358968538,
        0.3163104683866802,
        0.4166941935551245,
        0.31025179365906197,
        0.3232993412688984,
        0.4003134406267109
    ],
    "inference speed (ms)": 20.591600359171288,
    "FPS": 48.56349106224812,
    "model_size_kb": 2460.68359375,
    "model_class": "imgsz480"
}