{
    "inference speed (ms)": 119.82821941375732,
    "FPS": 8.345279641910388,
    "model_class": "imgsz480",
    "seed": 1
}