{
    "inference speed (ms)": 122.23385572433472,
    "FPS": 8.181039484308084,
    "model_class": "imgsz480",
    "seed": 4
}