{
    "inference speed (ms)": 100.57848930358887,
    "FPS": 9.942483794736393,
    "model_class": "imgsz480_q8",
    "seed": 1
}