{
    "inference speed (ms)": 145.82298755645752,
    "FPS": 6.857629354307635,
    "model_class": "imgsz480_q8",
    "seed": 1
}