{
    "inference speed (ms)": 147.0040512084961,
    "FPS": 6.802533615768849,
    "model_class": "imgsz480_q8",
    "seed": 3
}