{
    "inference speed (ms)": 166.45415544509888,
    "FPS": 6.007660171210489,
    "model_class": "imgsz480_q8",
    "seed": 1
}