{
    "inference speed (ms)": 169.02341842651367,
    "FPS": 5.9163399327103905,
    "model_class": "imgsz480_q8",
    "seed": 2
}