{
    "inference speed (ms)": 166.9742488861084,
    "FPS": 5.988947437530268,
    "model_class": "imgsz480_q8",
    "seed": 3
}