{
    "inference speed (ms)": 168.13348293304443,
    "FPS": 5.947655294800672,
    "model_class": "imgsz480_q8",
    "seed": 5
}