{
    "mAP50-95": 0.8161706897490943,
    "mAP50": 0.905224732290032,
    "mAP75": 0.8570524369588277,
    "mAP50-95 per class": [
        0.8424374448809658,
        0.7774946591201448,
        0.8026476382431327,
        0.9027662565785841,
        0.7738236820430994,
        0.7430540534029547,
        0.8703245460143826,
        0.8344689779996811,
        0.8447903647169162,
        0.7698992744910819
    ],
    "inference speed (ms)": 220.49901008605957,
    "FPS": 4.535574107641719,
    "model_size_kb": 9424.20703125,
    "model_class": "imgsz480"
}