{
    "mAP50-95": 0.694506656610343,
    "mAP50": 0.8177574627611868,
    "mAP75": 0.737513356290082,
    "mAP50-95 per class": [
        0.740265255178309,
        0.6102532456567678,
        0.7260072150822046,
        0.7852001865741075,
        0.5642297504587039,
        0.6486767733057489,
        0.8066134634447772,
        0.6998461043693559,
        0.7315626721925261,
        0.632411899840929
    ],
    "inference speed (ms)": 161.37359189987183,
    "FPS": 6.197114955330717,
    "model_size_kb": 5994.099609375,
    "model_class": "imgsz480"
}