{
    "inference speed (ms)": 71.62954568862915,
    "FPS": 13.960719566014854,
    "model_class": "imgsz320_q8",
    "seed": 5
}