{
    "inference speed (ms)": 64.08108472824097,
    "FPS": 15.60522897265023,
    "model_class": "imgsz320",
    "seed": 1
}