{
    "inference speed (ms)": 69.12996530532837,
    "FPS": 14.465507042904914,
    "model_class": "imgsz320",
    "seed": 2
}