{
    "inference speed (ms)": 65.25639533996582,
    "FPS": 15.324168532299502,
    "model_class": "imgsz320",
    "seed": 3
}