{
    "inference speed (ms)": 64.76962327957153,
    "FPS": 15.43933636426448,
    "model_class": "imgsz320",
    "seed": 5
}