{
    "inference speed (ms)": 111.25792741775513,
    "FPS": 8.988123572041436,
    "model_class": "imgsz320",
    "seed": 2
}