{
    "inference speed (ms)": 112.79736042022705,
    "FPS": 8.865455683311167,
    "model_class": "imgsz320",
    "seed": 1
}