{
    "inference speed (ms)": 108.445565700531,
    "FPS": 9.22121613309177,
    "model_class": "imgsz320",
    "seed": 3
}