{
    "inference speed (ms)": 109.37169313430786,
    "FPS": 9.143133578191986,
    "model_class": "imgsz320",
    "seed": 4
}