{
    "inference speed (ms)": 111.69096231460571,
    "FPS": 8.95327588980072,
    "model_class": "imgsz320",
    "seed": 5
}