{
    "mAP50-95": 0.7399541748392184,
    "mAP50": 0.8660747299799969,
    "mAP75": 0.7927557571096587,
    "mAP50-95 per class": [
        0.7589294261350823,
        0.7069970678283036,
        0.7463373069945999,
        0.840204797846817,
        0.6550025038811571,
        0.5795391204663036,
        0.8491322436200216,
        0.7564309889398537,
        0.7612145518450643,
        0.7457537408349804
    ],
    "inference speed (ms)": 118.35795075728974,
    "FPS": 8.448946552400574,
    "model_size_kb": 2752.3916015625,
    "model_class": "imgsz480_full"
}