{
    "mAP50-95": 0.3011478649827895,
    "mAP50": 0.43599273619893025,
    "mAP75": 0.32048489088365617,
    "mAP50-95 per class": [
        0.28253873153560993,
        0.3362716620412397,
        0.17617031061410282,
        0.4559292683509427,
        0.1691421652979049,
        0.23852476513125892,
        0.3951964359686414,
        0.26540279841720815,
        0.33819397831971504,
        0.35410853415127136
    ],
    "inference speed (ms)": 21.281662940979004,
    "FPS": 46.989506103028795,
    "model_size_kb": 5912.0546875,
    "model_class": "imgsz160"
}