{
    "mAP50-95": 0.02298930049176454,
    "mAP50": 0.046690701825693515,
    "mAP75": 0.018981085179940953,
    "mAP50-95 per class": [
        0.010513943223595435,
        0.022228965639627958,
        0.011767136027738174,
        0.05548224178409021,
        0.01329215610528712,
        0.01871689918852895,
        0.032028699154494925,
        0.015108010017988237,
        0.016915802495190164,
        0.03383915128110425
    ],
    "inference speed (ms)": 8.35704231262207,
    "FPS": 119.68496601955171,
    "model_size_kb": 1234.7197265625,
    "model_class": "imgsz160"
}