{
    "inference speed (ms)": 430.6270742416382,
    "FPS": 2.322194910204064,
    "model_class": "imgsz640",
    "seed": 1
}