{
    "inference speed (ms)": 430.7464551925659,
    "FPS": 2.321551316198176,
    "model_class": "imgsz640",
    "seed": 3
}