{
    "inference speed (ms)": 427.98242568969727,
    "FPS": 2.336544540090616,
    "model_class": "imgsz640",
    "seed": 4
}