{
    "inference speed (ms)": 427.61703729629517,
    "FPS": 2.3385410607648485,
    "model_class": "imgsz640",
    "seed": 5
}