{
    "inference speed (ms)": 145.94173669815063,
    "FPS": 6.852049472785751,
    "model_class": "imgsz160",
    "seed": 1
}