{
    "inference speed (ms)": 34.4280219078064,
    "FPS": 29.046106763782866,
    "model_class": "imgsz160",
    "seed": 2
}