{
    "inference speed (ms)": 34.42884683609009,
    "FPS": 29.045410808001524,
    "model_class": "imgsz160",
    "seed": 5
}