{
    "inference speed (ms)": 17.996902465820312,
    "FPS": 55.565117491701606,
    "model_class": "imgsz160_q8",
    "seed": 1
}