{
    "inference speed (ms)": 18.445768356323242,
    "FPS": 54.21297615163849,
    "model_class": "imgsz160_q8",
    "seed": 3
}