{
    "inference speed (ms)": 18.247039318084717,
    "FPS": 54.803411258553915,
    "model_class": "imgsz160_q8",
    "seed": 4
}