{
    "inference speed (ms)": 18.278918266296387,
    "FPS": 54.70783256599225,
    "model_class": "imgsz160_q8",
    "seed": 5
}