{
    "inference speed (ms)": 64.1056776046753,
    "FPS": 15.599242334926492,
    "model_class": "imgsz320",
    "seed": 4
}