{
    "inference speed (ms)": 61.94154977798462,
    "FPS": 16.144252179421926,
    "model_class": "imgsz320_q8",
    "seed": 2
}