{
    "inference speed (ms)": 61.81218862533569,
    "FPS": 16.1780390282139,
    "model_class": "imgsz320_q8",
    "seed": 3
}