{
    "inference speed (ms)": 61.61285877227783,
    "FPS": 16.230378202316775,
    "model_class": "imgsz320_q8",
    "seed": 5
}