{
    "mAP50-95": 0.5242549108372682,
    "mAP50": 0.6681393557292703,
    "mAP75": 0.5666366554074823,
    "mAP50-95 per class": [
        0.543049202652663,
        0.49747805790390576,
        0.4942502360891868,
        0.6926413259373272,
        0.3471503167715214,
        0.4253228759507682,
        0.6698284236373613,
        0.49702726837048516,
        0.5320628978544928,
        0.5437385032049694
    ],
    "inference speed (ms)": 15.90106062505437,
    "FPS": 62.888886696297384,
    "model_size_kb": 10629.041015625,
    "model_class": "imgsz160"
}