{
    "mAP50-95": 0.25355164915083417,
    "mAP50": 0.3705777035108405,
    "mAP75": 0.2681877549306049,
    "mAP50-95 per class": [
        0.2318876764182146,
        0.3039165267991325,
        0.14005035689290105,
        0.35870370317920913,
        0.10690131671304408,
        0.2321269928515989,
        0.356015906735354,
        0.20446270279684153,
        0.28690318143348803,
        0.3145481276885575
    ],
    "inference speed (ms)": 5.044788978565698,
    "FPS": 198.2243467960306,
    "model_size_kb": 4741.46484375,
    "model_class": "imgsz160"
}